StartDate,EndDate,Status,IPAddress,Progress,Duration (in seconds),Finished,RecordedDate,ResponseId,RecipientLastName,RecipientFirstName,RecipientEmail,ExternalReference,LocationLatitude,LocationLongitude,DistributionChannel,UserLanguage,consent_q,attn_1,attn_2,dv_identity,dv_entitlement,comp_q,gender,gender_4_TEXT,ethnicity,ethnicity_6_TEXT,age,education,education_8_TEXT,Q30,Q31,RandomID,cond,FL_8_DO
Start Date,End Date,Response Type,IP Address,Progress,Duration (in seconds),Finished,Recorded Date,Response ID,Recipient Last Name,Recipient First Name,Recipient Email,External Data Reference,Location Latitude,Location Longitude,Distribution Channel,User Language,Do you consent?,This is an attention check. John is taller than Paul. Who is shorter?,"What color is grass?

The fresh, uncut grass, not leaves or hay. Please make sure to select purple, so that we know you're paying attention.","At the end of the story, who is Derek?","At the end of the story, who can get into bed with Derek's wife?","In the story, you considered a scenario involving:",What is your gender? - Selected Choice,What is your gender? - Other (please specify) - Text,What is your ethnicity? - Selected Choice,What is your ethnicity? - Other (please specify) - Text,What is your age (in years)?,Please indicate the highest level of education completed. - Selected Choice,Please indicate the highest level of education completed. - Other (please specify) - Text,Please enter your mTurk worker ID:,This is your unique code: [Field-RandomID],RandomID,cond,FL_8 - Block Randomizer - Display Order
"{""ImportId"":""startDate"",""timeZone"":""America/Denver""}","{""ImportId"":""endDate"",""timeZone"":""America/Denver""}","{""ImportId"":""status""}","{""ImportId"":""ipAddress""}","{""ImportId"":""progress""}","{""ImportId"":""duration""}","{""ImportId"":""finished""}","{""ImportId"":""recordedDate"",""timeZone"":""America/Denver""}","{""ImportId"":""_recordId""}","{""ImportId"":""recipientLastName""}","{""ImportId"":""recipientFirstName""}","{""ImportId"":""recipientEmail""}","{""ImportId"":""externalDataReference""}","{""ImportId"":""locationLatitude""}","{""ImportId"":""locationLongitude""}","{""ImportId"":""distributionChannel""}","{""ImportId"":""userLanguage""}","{""ImportId"":""QID5""}","{""ImportId"":""QID7""}","{""ImportId"":""QID8""}","{""ImportId"":""QID17""}","{""ImportId"":""QID29""}","{""ImportId"":""QID18""}","{""ImportId"":""QID22""}","{""ImportId"":""QID22_4_TEXT""}","{""ImportId"":""QID23""}","{""ImportId"":""QID23_6_TEXT""}","{""ImportId"":""QID24_TEXT""}","{""ImportId"":""QID25""}","{""ImportId"":""QID25_8_TEXT""}","{""ImportId"":""QID30_TEXT""}","{""ImportId"":""QID31_TEXT""}","{""ImportId"":""RandomID""}","{""ImportId"":""cond""}","{""ImportId"":""FL_8_DO""}"
5/22/24 12:41,5/22/24 12:43,IP Address,160.3.167.55,100,105,TRUE,5/22/24 12:43,R_66nOC4Nphzzwr29,,,,,34.6011,-112.3259,anonymous,EN,Yes,Paul,Purple,Both persons.,,Teletransportation,Male,,White or European,,33,College Graduate (4 year),,AETIZKQNUSBLB,,789867,1,FL_10
5/22/24 13:11,5/22/24 13:13,IP Address,24.9.223.251,100,103,TRUE,5/22/24 13:13,R_1YETTxYGqADa8mM,,,,,39.7291,-105.1897,anonymous,EN,Yes,Paul,Purple,,I am not sure.,Teletransportation,Female,,White or European,,62,College Graduate (4 year),,AURYD2FH3FUOQ,80610,80610,2,FL_11
5/22/24 13:03,5/22/24 13:19,IP Address,100.12.205.132,100,904,TRUE,5/22/24 13:19,R_7QaBmyRLLZwDW4V,,,,,40.7364,-73.8695,anonymous,EN,Yes,Paul,Purple,Both persons.,,Teletransportation,Female,,Asian,,24,"Professional Degree (MD, JD, etc.)",,AKSJ3C5O3V9RB,409667,409667,1,FL_10
5/22/24 13:16,5/22/24 13:19,IP Address,69.142.231.205,100,172,TRUE,5/22/24 13:19,R_5qvH3BBz9fU1gbm,,,,,39.4722,-74.4566,anonymous,EN,Yes,Paul,Purple,,Both persons.,Teletransportation,Male,,White or European,,28,College Graduate (4 year),,A3UV55HC87DO9C,286985,286985,2,FL_11
5/22/24 13:27,5/22/24 13:29,IP Address,65.175.203.94,100,165,TRUE,5/22/24 13:29,R_5R9t3a1OHEA1eme,,,,,43.2197,-71.3589,anonymous,EN,Yes,Paul,Purple,,I am not sure.,Teletransportation,Male,,White or European,,47,High School or Equivalent,,A2EI075XZT9Y2S,307422,307422,2,FL_11
5/22/24 13:42,5/22/24 13:44,IP Address,47.208.114.67,100,115,TRUE,5/22/24 13:44,R_5nc8sJ9YFVXU49Q,,,,,40.7977,-124.1565,anonymous,EN,Yes,Paul,Purple,Both persons.,,Teletransportation,Male,,White or European,,42,College Graduate (4 year),,AVPKE76DJLWK6,258241,258241,1,FL_10
5/22/24 13:44,5/22/24 13:47,IP Address,107.150.22.38,100,139,TRUE,5/22/24 13:47,R_7cAsi8iyveYAt8i,,,,,33.7485,-84.3871,anonymous,EN,Yes,Paul,Purple,,I am not sure.,Teletransportation,Male,,White or European,,37,High School or Equivalent,,A2IUT0610X9CV0,468261,468261,2,FL_11
5/22/24 13:52,5/22/24 13:54,IP Address,50.20.125.153,100,93,TRUE,5/22/24 13:54,R_5NWhCXsqAp9ULIr,,,,,36.2625,-115.1732,anonymous,EN,Yes,Paul,Purple,Both persons.,,Teletransportation,Male,,Hispanic or Latino,,36,Some College,,A3GK90X2QOFR53,164504,164504,1,FL_10
5/22/24 14:10,5/22/24 14:11,IP Address,67.20.237.116,100,73,TRUE,5/22/24 14:11,R_5tyVmy4T2OHD7oZ,,,,,40.6217,-79.9431,anonymous,EN,Yes,Paul,Purple,,I am not sure.,Teletransportation,Female,,White or European,,32,College Graduate (4 year),,ALCVGNUURF8LQ,50590,50590,2,FL_11
5/22/24 14:20,5/22/24 14:31,IP Address,71.206.197.61,100,657,TRUE,5/22/24 14:31,R_5dRpcqneMcMutfC,,,,,40.3052,-79.5418,anonymous,EN,Yes,Paul,Purple,Both persons.,,Teletransportation,Male,,White or European,,39,College Graduate (4 year),,A3I1W58P6SIV26,620781,620781,1,FL_10
5/22/24 19:28,5/22/24 19:32,IP Address,24.185.179.250,100,210,TRUE,5/22/24 19:32,R_1rJpl2oaoXfMGW8,,,,,41.2301,-74.5963,anonymous,EN,Yes,Paul,Purple,,Both persons.,Teletransportation,Male,,White or European,,36,College Graduate (4 year),,A39C1BN9ZSQ0R2,288602,288602,2,FL_11
5/22/24 19:31,5/22/24 19:34,IP Address,76.155.6.53,100,146,TRUE,5/22/24 19:34,R_6hnACd9upFtVt9z,,,,,39.869,-104.9767,anonymous,EN,Yes,Paul,Purple,,Both persons.,Teletransportation,Male,,White or European,,62,College Graduate (4 year),,A6JKKANO7F4KD,298896,298896,2,FL_11
5/22/24 19:32,5/22/24 19:34,IP Address,173.21.13.95,100,97,TRUE,5/22/24 19:34,R_3omdLHXrVhfVdXX,,,,,30.2732,-87.7606,anonymous,EN,Yes,Paul,Purple,Both persons.,,Teletransportation,Female,,White or European,,48,College Graduate (4 year),,A28L1K6D8QUCML,,781324,1,FL_10
5/22/24 19:33,5/22/24 19:35,IP Address,98.219.170.245,100,91,TRUE,5/22/24 19:35,R_1CDXGblKcOHpM3S,,,,,40.1678,-80.2591,anonymous,EN,Yes,Paul,Purple,,Both persons.,Teletransportation,Male,,White or European,,58,Some College,,A3OZ8KF0HWSVWK,973701,973701,2,FL_11
5/22/24 19:28,5/22/24 19:38,IP Address,100.12.205.132,100,599,TRUE,5/22/24 19:38,R_5D6K49zid1lQ3Mu,,,,,40.7364,-73.8695,anonymous,EN,Yes,Paul,Purple,Both persons.,,Teletransportation,Female,,Asian,,24,"Professional Degree (MD, JD, etc.)",,AKSJ3C5O3V9RB,625797,625797,1,FL_10
5/22/24 19:36,5/22/24 19:39,IP Address,72.210.120.182,100,165,TRUE,5/22/24 19:39,R_7PaUsLHIDkSOPVy,,,,,36.0432,-95.8072,anonymous,EN,Yes,Paul,Purple,Both persons.,,Teletransportation,Female,,White or European,,43,Some College,,A2FI7CJ3BQ4Y0F,983715,983715,1,FL_10
5/22/24 19:38,5/22/24 19:40,IP Address,98.239.24.74,100,129,TRUE,5/22/24 19:40,R_1yKxVA39vehMBMZ,,,,,32.4384,-88.6904,anonymous,EN,Yes,Paul,Purple,,Both persons.,Teletransportation,Female,,White or European,,49,College Graduate (4 year),,ABOEYY9Y0PFRI,343538,343538,2,FL_11
5/22/24 19:38,5/22/24 19:42,IP Address,74.207.140.241,100,243,TRUE,5/22/24 19:42,R_64MFBh40na5pdpD,,,,,48.2261,-101.2974,anonymous,EN,Yes,Paul,Purple,,Both persons.,Teletransportation,Female,,Asian,,34,College Graduate (4 year),,A3PYB8Z6FFWSOV,440665,440665,2,FL_11
5/22/24 19:53,5/22/24 19:55,IP Address,76.159.154.78,100,109,TRUE,5/22/24 19:55,R_7vjFr6kso7syiv0,,,,,32.413,-110.942,anonymous,EN,Yes,Paul,Purple,Both persons.,,Teletransportation,Female,,White or European,,60,College Graduate (4 year),,A2WMSIPUKEIBNS,,501165,1,FL_10
5/22/24 19:42,5/22/24 19:58,IP Address,24.173.21.3,100,908,TRUE,5/22/24 19:58,R_3PFSvTejh1y8Iq5,,,,,32.8231,-96.9668,anonymous,EN,Yes,Paul,Purple,Only the person at his relative's house.,,Teletransportation,Female,,Black or African American,,52,Vocational/Technical School (2 year),,A2TG7EEQ2XG2IK,778687,778687,1,FL_10
5/22/24 19:58,5/22/24 20:03,IP Address,73.148.196.153,100,263,TRUE,5/22/24 20:03,R_5b8ttlkbYHlU72V,,,,,30.2755,-81.5815,anonymous,EN,Yes,Paul,Purple,,Only the person from his friend's house.,Teletransportation,Male,,White or European,,38,College Graduate (4 year),,A264NN7JBX4UDQ,456619,456619,2,FL_11
5/22/24 19:28,5/22/24 20:05,IP Address,65.186.221.183,100,2209,TRUE,5/22/24 20:05,R_5q4YKOISPaDvewm,,,,,40.2459,-83.3603,anonymous,EN,Yes,Paul,Purple,Both persons.,,Teletransportation,Male,,White or European,,39,College Graduate (4 year),,A26MRON9XGPVB5,599152,599152,1,FL_10
5/22/24 20:00,5/22/24 20:06,IP Address,75.167.142.167,100,360,TRUE,5/22/24 20:06,R_3YaY2dBN9XR86U6,,,,,33.4917,-111.9837,anonymous,EN,Yes,Paul,Purple,Both persons.,,Teletransportation,Male,,White or European,,41,College Graduate (4 year),,A207IHY6GERCFO,771671,771671,1,FL_10
5/22/24 20:13,5/22/24 20:17,IP Address,172.113.102.173,100,226,TRUE,5/22/24 20:17,R_6Nf556MMjS8l8xN,,,,,33.9168,-118.3432,anonymous,EN,Yes,Paul,Purple,,I am not sure.,Teletransportation,Male,,Hispanic or Latino,,35,High School or Equivalent,,A1KFK92GEFQ9F5,875130,875130,2,FL_11
5/22/24 20:39,5/22/24 20:43,IP Address,174.240.115.53,100,233,TRUE,5/22/24 20:43,R_5wdKtL3jNS10jSh,,,,,42.9469,-85.6206,anonymous,EN,Yes,Paul,Purple,I am not sure.,,Teletransportation,Male,,White or European,,41,Other (please specify),"Some College, but I would also like to note that the answer to the survey question is ""Neither, he is dead and there are now 2 clones of him""",A3O2JUIF4DZQJU,"If this is for comments, I already put my comment under education because I wasn't sure there would be a box for comments. My answer to the survey question would be ""Neither is the real person. He is now dead and there are 2 clones of him""",457204,1,FL_10
5/22/24 20:42,5/22/24 20:45,IP Address,66.235.13.182,100,219,TRUE,5/22/24 20:45,R_68MT9MkqsHGHF2e,,,,,47.725,-121.9369,anonymous,EN,Yes,Paul,Purple,,I am not sure.,Teletransportation,Female,,Mixed,,37,Vocational/Technical School (2 year),,A1AVKKVWWFUGLT,804403,804403,2,FL_11
5/22/24 20:55,5/22/24 20:59,IP Address,49.47.218.93,100,250,TRUE,5/22/24 20:59,R_4EhQqnFLsY83PSV,,,,,11.0142,76.9941,anonymous,EN,Yes,Paul,Purple,Both persons.,,Teletransportation,Male,,White or European,,34,College Graduate (4 year),,A1TZDIBN7S7TGE,481809,481809,1,FL_10
5/22/24 21:18,5/22/24 21:21,IP Address,67.249.185.130,100,220,TRUE,5/22/24 21:21,R_3rPkD5mrcs6bcP8,,,,,43.0455,-74.8598,anonymous,EN,Yes,Paul,Purple,,Both persons.,Teletransportation,Male,,White or European,,68,College Graduate (4 year),,A1S88VQY8G8CNC,56966,56966,2,FL_11
5/22/24 21:31,5/22/24 21:38,IP Address,35.145.26.145,100,399,TRUE,5/22/24 21:38,R_39n8bJwYMOIMUmk,,,,,28.7935,-81.2868,anonymous,EN,Yes,Paul,Purple,,Only the person from his friend's house.,Teletransportation,Male,,White or European,,66,College Graduate (4 year),,A1M1TSMJB12177,39158,39158,2,FL_11
5/22/24 21:47,5/22/24 21:49,IP Address,96.40.104.54,100,145,TRUE,5/22/24 21:49,R_6EaLw367Dd4RCyY,,,,,34.2393,-117.2026,anonymous,EN,Yes,Paul,Purple,Both persons.,,Teletransportation,Female,,White or European,,36,Some College,,A2OZGNW6THEMJ,794408,794408,1,FL_10
5/22/24 23:48,5/22/24 23:51,IP Address,140.228.141.163,100,171,TRUE,5/22/24 23:51,R_634jhoYjUfVKvOG,,,,,40.7128,-99.0783,anonymous,EN,Yes,Paul,Purple,,Only the person from his relative's house.,Teletransportation,Male,,White or European,,42,Masters Degree (MS),,A21EZISIJ3JPSW,638291,638291,2,FL_11
5/23/24 0:07,5/23/24 0:08,IP Address,76.173.245.121,100,64,TRUE,5/23/24 0:08,R_1t1swzI3GPKg95D,,,,,21.3571,-157.9258,anonymous,EN,Yes,Paul,Purple,Both persons.,,Teletransportation,Male,,Asian,,39,College Graduate (4 year),,A2OJ5XOEKTKRR9,845142,845142,1,FL_10
5/23/24 0:12,5/23/24 0:14,IP Address,72.132.44.189,100,121,TRUE,5/23/24 0:14,R_1goHGB3pzieJcJS,,,,,33.7237,-116.3803,anonymous,EN,Yes,Paul,Purple,,Both persons.,Teletransportation,Male,,White or European,,54,Masters Degree (MS),,AHV4U78TUUDKI,187447,187447,2,FL_11
5/23/24 1:34,5/23/24 1:39,IP Address,73.21.153.218,100,342,TRUE,5/23/24 1:39,R_7aQAgR77mZdI9dK,,,,,29.1254,-82.0076,anonymous,EN,Yes,Paul,Purple,Both persons.,,Teletransportation,Female,,Black or African American,,37,College Graduate (4 year),,A10TYO0H3GLCH6,18338,18338,1,FL_10
5/23/24 1:39,5/23/24 1:42,IP Address,207.172.202.88,100,197,TRUE,5/23/24 1:42,R_1w4tZiIASpaRwUX,,,,,40.749,-75.331,anonymous,EN,Yes,Paul,Purple,Both persons.,,Teletransportation,Male,,White or European,,39,Some College,,A31Z5TPD8QKE26,185067,185067,1,FL_10
5/23/24 2:32,5/23/24 2:35,IP Address,191.96.106.51,100,154,TRUE,5/23/24 2:35,R_7jfisf269et9aS4,,,,,34.0544,-118.2441,anonymous,EN,Yes,Paul,Purple,,I am not sure.,Teletransportation,Male,,White or European,,34,Some College,,A35BY30TC8WCL4,219028,219028,2,FL_11
5/23/24 5:11,5/23/24 5:12,IP Address,68.226.180.143,100,69,TRUE,5/23/24 5:12,R_5ymLapJm1w84Oxr,,,,,30.1597,-92.0258,anonymous,EN,Yes,Paul,Purple,Both persons.,,Teletransportation,Male,,White or European,,37,High School or Equivalent,,AW0MG225VXWCN,,96533,1,FL_10
5/23/24 5:01,5/23/24 5:13,IP Address,50.216.129.154,100,718,TRUE,5/23/24 5:13,R_6QZ0EiRbBLXBKMk,,,,,42.3737,-71.1284,anonymous,EN,Yes,Paul,Purple,,Both persons.,Teletransportation,Male,,Asian,,70,Masters Degree (MS),,A1CF6U3GF7DZEJ,994118,994118,2,FL_11
5/23/24 5:48,5/23/24 5:51,IP Address,72.14.101.191,100,173,TRUE,5/23/24 5:51,R_3PXw7T9Vrix7D0d,,,,,36.6089,-88.3031,anonymous,EN,Yes,Paul,Purple,I am not sure.,,Teletransportation,Male,,White or European,,42,College Graduate (4 year),,A22KRF782ELLB0,395446,395446,1,FL_10
5/23/24 6:04,5/23/24 6:07,IP Address,104.57.25.182,100,193,TRUE,5/23/24 6:07,R_7jB8bbR4vGIpxQf,,,,,35.5597,-78.2622,anonymous,EN,Yes,Paul,Purple,,Both persons.,Teletransportation,Male,,White or European,,30,College Graduate (4 year),,A2R76CKAHFJ6JM,585068,585068,2,FL_11
5/23/24 6:09,5/23/24 6:11,IP Address,147.92.28.189,100,94,TRUE,5/23/24 6:11,R_5JSEXdvGP519RjH,,,,,36.5217,-86.3171,anonymous,EN,Yes,Paul,Purple,I am not sure.,,Teletransportation,Female,,White or European,,39,Some College,,A3O81LHBBI8NPK,494749,494749,1,FL_10
5/23/24 6:30,5/23/24 6:32,IP Address,70.187.91.57,100,121,TRUE,5/23/24 6:32,R_1Cp6vhlG6I9FAAr,,,,,29.7748,-82.3846,anonymous,EN,Yes,Paul,Purple,,I am not sure.,Teletransportation,Male,,White or European,,63,College Graduate (4 year),,AELOYBHVZFDW9,,40868,2,FL_11
5/23/24 7:06,5/23/24 7:07,IP Address,68.43.54.95,100,83,TRUE,5/23/24 7:07,R_6gUA2st6TxiPYGZ,,,,,42.7506,-83.5356,anonymous,EN,Yes,Paul,Purple,,Both persons.,Teletransportation,Male,,White or European,,33,College Graduate (4 year),,A34D4IVRN933FJ,121991,121991,2,FL_11
5/23/24 7:17,5/23/24 7:19,IP Address,216.119.179.241,100,118,TRUE,5/23/24 7:19,R_7EcUFaKdWfszIYD,,,,,32.7561,-89.1157,anonymous,EN,Yes,Paul,Purple,I am not sure.,,Teletransportation,Male,,White or European,,50,College Graduate (4 year),,A1WJQFUJFDCST5,241312,241312,1,FL_10
5/23/24 7:18,5/23/24 7:26,IP Address,76.27.236.118,100,488,TRUE,5/23/24 7:26,R_5EbGDqXTTdXYDsp,,,,,44.6279,-123.0592,anonymous,EN,Yes,Paul,Purple,,I am not sure.,Teletransportation,Male,,White or European,,37,College Graduate (4 year),,A320QA9HJFUOZO,829916,829916,2,FL_11
5/23/24 7:52,5/23/24 7:53,IP Address,24.194.228.107,100,56,TRUE,5/23/24 7:53,R_6qE0E8P4pQjUMoR,,,,,43.0592,-73.7356,anonymous,EN,Yes,Paul,Purple,Both persons.,,Teletransportation,Female,,White or European,,34,College Graduate (4 year),,A14W0AXTJ3R19V,599407,599407,1,FL_10
5/23/24 7:56,5/23/24 7:57,IP Address,207.255.11.231,100,79,TRUE,5/23/24 7:57,R_39i75wBhG35Ev1n,,,,,40.0242,-79.8846,anonymous,EN,Yes,Paul,Purple,I am not sure.,,Teletransportation,Male,,White or European,,64,College Graduate (4 year),,A2H8GNSEVUJXYL,931626,931626,1,FL_10
5/23/24 8:11,5/23/24 8:17,IP Address,73.139.120.95,100,315,TRUE,5/23/24 8:17,R_3WGwzqMTQsKvFJ7,,,,,26.0168,-80.1537,anonymous,EN,Yes,Paul,Purple,,Both persons.,Teletransportation,Male,,Hispanic or Latino,,32,College Graduate (4 year),,A1IZ4NX41GKU4X,265582,265582,2,FL_11
5/23/24 8:44,5/23/24 8:46,IP Address,99.109.57.128,100,89,TRUE,5/23/24 8:46,R_5OGFC77kOjKAiYb,,,,,38.9683,-95.2695,anonymous,EN,Yes,Paul,Purple,,Both persons.,Teletransportation,Male,,Hispanic or Latino,,60,College Graduate (4 year),,AUOYNTK0GOFOM,832141,832141,2,FL_11
5/23/24 8:55,5/23/24 8:56,IP Address,97.116.8.247,100,87,TRUE,5/23/24 8:56,R_3HBvDLfm8JQ3iwj,,,,,45.0139,-93.1545,anonymous,EN,Yes,Paul,Purple,I am not sure.,,Teletransportation,Male,,White or European,,42,Vocational/Technical School (2 year),,A3V9JFVZQ2XF4Y,,701485,1,FL_10
5/23/24 9:10,5/23/24 9:12,IP Address,68.184.30.135,100,144,TRUE,5/23/24 9:12,R_5BWWtnGRC2FD5fe,,,,,42.2649,-72.6687,anonymous,EN,Yes,Paul,Purple,,Both persons.,Teletransportation,Male,,White or European,,54,Some College,,A2PEXE95UD6Y5S,,787712,2,FL_11
5/23/24 9:16,5/23/24 9:18,IP Address,99.111.135.127,100,128,TRUE,5/23/24 9:18,R_7mPjwWCStEllNc6,,,,,35.4875,-80.9876,anonymous,EN,Yes,Paul,Purple,Both persons.,,Teletransportation,Male,,White or European,,50,College Graduate (4 year),,ABQ65VUI4C9RK,611442,611442,1,FL_10
5/23/24 9:19,5/23/24 9:22,IP Address,96.59.1.158,100,149,TRUE,5/23/24 9:22,R_6dK2JMhNCCk2nDq,,,,,28.2137,-82.6809,anonymous,EN,Yes,Paul,Purple,I am not sure.,,Teletransportation,Female,,White or European,,60,Some College,,A1PAR1TMKFPKQE,411855,411855,1,FL_10
5/23/24 9:24,5/23/24 9:25,IP Address,172.58.126.136,100,91,TRUE,5/23/24 9:25,R_5oR4tz4FSRPx9xX,,,,,42.4261,-83.2514,anonymous,EN,Yes,Paul,Purple,,Both persons.,Teletransportation,Female,,White or European,,38,College Graduate (4 year),,A2ELXYKRPPGRPB,433893,433893,2,FL_11
5/23/24 9:37,5/23/24 9:38,IP Address,67.141.135.4,100,64,TRUE,5/23/24 9:39,R_7Vw2mTMfpLhkQq5,,,,,34.7828,-84.9332,anonymous,EN,Yes,Paul,Purple,Both persons.,,Teletransportation,Male,,White or European,,41,High School or Equivalent,,A3L60SOWLYEDN2,883626,883626,1,FL_10
5/23/24 10:08,5/23/24 10:10,IP Address,172.100.46.22,100,68,TRUE,5/23/24 10:10,R_7szTRlS5hEN7FkQ,,,,,42.9339,-78.8046,anonymous,EN,Yes,Paul,Purple,I am not sure.,,Teletransportation,Female,,Black or African American,,44,College Graduate (4 year),,A22051NK9RQ4FV,50460,50460,1,FL_10
5/23/24 10:07,5/23/24 10:13,IP Address,24.45.188.116,100,329,TRUE,5/23/24 10:13,R_5NIMaEWNdKoK7NB,,,,,40.7436,-73.6368,anonymous,EN,Yes,Paul,Purple,,Both persons.,Teletransportation,Female,,Asian,,70,"Professional Degree (MD, JD, etc.)",,A2A4LHPXF2E2GS,72802,72802,2,FL_11
5/23/24 13:06,5/23/24 13:09,IP Address,184.56.107.132,100,181,TRUE,5/23/24 13:09,R_6OrHKsHIjZbP8Py,,,,,42.0753,-80.0671,anonymous,EN,Yes,Paul,Purple,,Both persons.,Teletransportation,Male,,White or European,,36,College Graduate (4 year),,A20HZD952T4B2O,745944,745944,2,FL_11
5/23/24 13:54,5/23/24 13:55,IP Address,172.91.39.63,100,100,TRUE,5/23/24 13:55,R_7O4u6OabtYvCncZ,,,,,34.4857,-118.192,anonymous,EN,Yes,Paul,Purple,Both persons.,,Teletransportation,Female,,White or European,,40,High School or Equivalent,,AH3ER3EJXHRO2,,67425,1,FL_10
5/23/24 15:45,5/23/24 15:45,IP Address,98.24.204.89,100,48,TRUE,5/23/24 15:45,R_3jgnJsW7aPMjHMJ,,,,,35.1243,-78.8979,anonymous,EN,Yes,Paul,Green,,,,,,,,,,,,,761889,,
5/23/24 15:46,5/23/24 15:48,IP Address,98.24.204.89,100,121,TRUE,5/23/24 15:48,R_7VE1ue2vnHV0ARD,,,,,35.1243,-78.8979,anonymous,EN,Yes,Paul,Purple,,I am not sure.,Teletransportation,Female,,Black or African American,,60,Some College,,A2J65ZHAJQDKAC,,265092,2,FL_11
5/23/24 17:00,5/23/24 17:03,IP Address,209.225.110.3,100,190,TRUE,5/23/24 17:03,R_7etOlWb0XIErbhe,,,,,42.7083,-87.7987,anonymous,EN,Yes,Paul,Purple,I am not sure.,,Teletransportation,Male,,White or European,,42,Masters Degree (MS),,A3169N2SCN3ENK,281968,281968,1,FL_10
5/23/24 18:30,5/23/24 18:30,IP Address,108.35.161.75,100,25,TRUE,5/23/24 18:30,R_6dpnuYezNFNcjeT,,,,,40.9864,-74.1112,anonymous,EN,Yes,Paul,Green,,,,,,,,,,,,,296929,,
5/23/24 18:31,5/23/24 18:33,IP Address,108.35.161.75,100,129,TRUE,5/23/24 18:33,R_6joNw4SKHV1jftD,,,,,40.9864,-74.1112,anonymous,EN,Yes,Paul,Purple,Both persons.,,Teletransportation,Male,,Hispanic or Latino,,53,College Graduate (4 year),,A1QQ521O3FENPY,,707511,1,FL_10
5/23/24 20:31,5/23/24 20:33,IP Address,72.23.110.13,100,84,TRUE,5/23/24 20:33,R_1aESg165mRtgUKo,,,,,40.0935,-79.888,anonymous,EN,Yes,Paul,Purple,,I am not sure.,Teletransportation,Female,,White or European,,54,Some College,,ACVEFRSUAPSEQ,74774,74774,2,FL_11
5/23/24 20:53,5/23/24 20:55,IP Address,71.72.229.153,100,117,TRUE,5/23/24 20:55,R_6EHnyBV1zrrWe6u,,,,,39.0235,-84.2083,anonymous,EN,Yes,Paul,Purple,Both persons.,,Teletransportation,Female,,White or European,,65,Some College,,A1D4I1QYL9713I,,746174,1,FL_10
5/23/24 22:34,5/24/24 1:44,IP Address,172.56.44.5,100,11407,TRUE,5/24/24 1:44,R_1oGAQcfLXrI3rRr,,,,,21.3266,-157.8621,anonymous,EN,Yes,Paul,Purple,,Both persons.,Teletransportation,Male,,White or European,,49,College Graduate (4 year),,A5TI9UQEPLNWI,795361,795361,2,FL_11
5/24/24 5:54,5/24/24 5:58,IP Address,24.112.134.192,100,247,TRUE,5/24/24 5:58,R_1aLJodmKEqFyIYX,,,,,40.8552,-82.3143,anonymous,EN,Yes,Paul,Purple,,I am not sure.,Teletransportation,Female,,White or European,,71,Vocational/Technical School (2 year),,A37QFZ8I1TGH2C,647150,647150,2,FL_11
5/24/24 6:27,5/24/24 6:29,IP Address,108.226.69.128,100,99,TRUE,5/24/24 6:29,R_6wMMRwTV8WwwJDr,,,,,34.111,-84.3025,anonymous,EN,Yes,Paul,Purple,Only the person at his relative's house.,,Teletransportation,Female,,White or European,,57,College Graduate (4 year),,A9J48W1C9IZAI,318274,318274,1,FL_10
5/24/24 6:34,5/24/24 6:36,IP Address,73.191.24.127,100,125,TRUE,5/24/24 6:36,R_5phfxyYP6SqeU20,,,,,39.3709,-76.8003,anonymous,EN,Yes,Paul,Purple,Both persons.,,Teletransportation,Female,,White or European,,45,High School or Equivalent,,A3LFVI65XV1T46,243328,243328,1,FL_10
5/24/24 7:25,5/24/24 7:30,IP Address,96.37.226.174,100,310,TRUE,5/24/24 7:30,R_1PKyczsWWlvEfjr,,,,,35.7532,-81.3264,anonymous,EN,Yes,Paul,Purple,,Both persons.,Teletransportation,Female,,White or European,,60,Some College,,A3K0TCD0S67NV7,630629,630629,2,FL_11
5/24/24 7:36,5/24/24 7:38,IP Address,73.173.1.131,100,133,TRUE,5/24/24 7:38,R_779ZpHbYaKTu7wb,,,,,39.0225,-75.5925,anonymous,EN,Yes,Paul,Purple,Both persons.,,Teletransportation,Female,,Mixed,,43,Some College,,A12HZGOZQD5YK7,638620,638620,1,FL_10
5/24/24 7:43,5/24/24 7:45,IP Address,208.127.244.100,100,77,TRUE,5/24/24 7:45,R_5P03MHYPIN72xeb,,,,,29.7646,-95.3657,anonymous,EN,Yes,Paul,Purple,,Both persons.,Teletransportation,Female,,White or European,,41,College Graduate (4 year),,A3MS21UJPMHLK0,,719950,2,FL_11
5/24/24 8:29,5/24/24 8:31,IP Address,108.219.212.132,100,121,TRUE,5/24/24 8:31,R_3J7TjVywwWinx6U,,,,,34.1836,-118.2963,anonymous,EN,Yes,Paul,Purple,,I am not sure.,Teletransportation,Male,,White or European,,66,College Graduate (4 year),,A2T5YVU37RBCCP,794683,794683,2,FL_11
5/24/24 11:09,5/24/24 11:10,IP Address,67.20.237.116,100,74,TRUE,5/24/24 11:10,R_1S0ouR1x9eFn7bK,,,,,40.6217,-79.9431,anonymous,EN,Yes,Paul,Purple,Both persons.,,Teletransportation,Female,,White or European,,32,College Graduate (4 year),,ALCVGNUURF8LQ,668385,668385,1,FL_10
5/24/24 13:35,5/24/24 13:39,IP Address,50.20.245.80,100,249,TRUE,5/24/24 13:39,R_3kvJ6Qt9UCx9KBq,,,,,36.1294,-82.866,anonymous,EN,Yes,Paul,Purple,Both persons.,,Teletransportation,Male,,White or European,,38,College Graduate (4 year),,A3UJO2A7THUZTV,156451,156451,1,FL_10
5/24/24 15:02,5/24/24 15:06,IP Address,100.1.5.141,100,204,TRUE,5/24/24 15:06,R_6gZdg9GEdzPS3K2,,,,,40.6511,-74.26,anonymous,EN,Yes,Paul,Purple,,Both persons.,Teletransportation,Female,,Black or African American,,60,College Graduate (4 year),,A5V3ZMQI0PU3F,515365,515365,2,FL_11
5/24/24 16:32,5/24/24 16:35,IP Address,174.165.170.150,100,207,TRUE,5/24/24 16:35,R_7FwZmSt7TVPhhMo,,,,,47.8561,-121.9467,anonymous,EN,Yes,Paul,Purple,Both persons.,,Teletransportation,Female,,White or European,,51,Vocational/Technical School (2 year),,AQAXDL1INQC9Q,658068,658068,1,FL_10
5/24/24 20:30,5/24/24 20:32,IP Address,134.84.0.2,100,111,TRUE,5/24/24 20:32,R_5H8hCrPq2RUx3Oz,,,,,44.9764,-93.224,anonymous,EN,Yes,Paul,Purple,,I am not sure.,Teletransportation,Female,,White or European,,51,College Graduate (4 year),,A2QGQOWEM9G55,,902208,2,FL_11
5/25/24 8:27,5/25/24 8:29,IP Address,71.81.246.242,100,117,TRUE,5/25/24 8:29,R_6WCseqlFT4zrK2J,,,,,35.7376,-81.203,anonymous,EN,Yes,Paul,Purple,Both persons.,,Teletransportation,Male,,Black or African American,,36,College Graduate (4 year),,A8BGHKGBA8O33,181465,181465,1,FL_10
5/25/24 12:23,5/25/24 12:24,IP Address,75.231.203.64,100,83,TRUE,5/25/24 12:24,R_1hmRUmv3tHdqerd,,,,,45.5173,-122.6398,anonymous,EN,Yes,Paul,Purple,,I am not sure.,Teletransportation,Male,,White or European,,33,Some College,,ARJ6SPCZJVARE,549720,549720,2,FL_11
5/25/24 13:50,5/25/24 13:51,IP Address,172.59.112.18,100,27,TRUE,5/25/24 13:51,R_1aIELE09DyncLzr,,,,,36.8375,-76.0976,anonymous,EN,Yes,Paul,Green,,,,,,,,,,,,,985011,,
5/25/24 18:16,5/25/24 18:21,IP Address,74.105.140.75,100,303,TRUE,5/25/24 18:21,R_5ayJITpHXE8G0Fj,,,,,41.0817,-74.1863,anonymous,EN,Yes,Paul,Purple,,Both persons.,Teletransportation,Female,,White or European,,44,Vocational/Technical School (2 year),,A1CFPKUOCGJIM6,943672,943672,2,FL_11
5/25/24 18:50,5/25/24 18:53,IP Address,73.24.24.78,100,209,TRUE,5/25/24 18:53,R_7MfD7bXDprCBn8p,,,,,45.0001,-93.0986,anonymous,EN,Yes,Paul,Purple,I am not sure.,,Teletransportation,Male,,White or European,,63,College Graduate (4 year),,AKX5RHHO8BIUX,661352,661352,1,FL_10
5/25/24 20:16,5/25/24 20:19,IP Address,173.88.2.3,100,227,TRUE,5/25/24 20:19,R_33jTTs2VyK7hb4t,,,,,40.7416,-84.1522,anonymous,EN,Yes,Paul,Purple,,Both persons.,Teletransportation,Female,,White or European,,63,College Graduate (4 year),,AVOF14300525D,315109,315109,2,FL_11
5/26/24 8:12,5/26/24 8:17,IP Address,24.118.104.162,100,317,TRUE,5/26/24 8:17,R_7D0WRYfK3zbw2vO,,,,,44.8328,-93.4396,anonymous,EN,Yes,Paul,Purple,Both persons.,,Teletransportation,Female,,White or European,,40,College Graduate (4 year),,A2EN81T1B3UG8O,245737,245737,1,FL_10
5/26/24 9:33,5/26/24 9:35,IP Address,24.229.165.136,100,120,TRUE,5/26/24 9:35,R_5uR5X4uahibgiB3,,,,,40.6006,-75.4677,anonymous,EN,Yes,Paul,Purple,,Both persons.,Teletransportation,Female,,White or European,,57,High School or Equivalent,,AR95C0P53AFWJ,358001,358001,2,FL_11
5/26/24 11:12,5/26/24 11:15,IP Address,100.0.92.147,100,141,TRUE,5/26/24 11:15,R_1gtoS30sIcFBRbZ,,,,,42.1506,-71.4268,anonymous,EN,Yes,Paul,Purple,Both persons.,,Teletransportation,Female,,White or European,,59,Some College,,A2VX8B1CJXRN2,592277,592277,1,FL_10
5/26/24 12:49,5/26/24 12:52,IP Address,97.103.128.93,100,143,TRUE,5/26/24 12:52,R_5jjnzBp6db2IOJ2,,,,,28.1404,-80.6514,anonymous,EN,Yes,Paul,Purple,Both persons.,,Teletransportation,Male,,White or European,,44,College Graduate (4 year),,AVZ76FUE8VET9,284814,284814,1,FL_10
5/26/24 15:59,5/26/24 16:01,IP Address,47.144.233.249,100,144,TRUE,5/26/24 16:01,R_5qqgSFCD3Q21POZ,,,,,33.5674,-117.1758,anonymous,EN,Yes,Paul,Purple,,I am not sure.,Teletransportation,Female,,White or European,,64,Some College,,A218S9QMWS15U,185990,185990,2,FL_11
5/27/24 2:45,5/27/24 2:48,IP Address,191.96.37.29,100,177,TRUE,5/27/24 2:48,R_3k0HyBIP3PpRw3R,,,,,47.6034,-122.3414,anonymous,EN,Yes,Paul,Purple,,I am not sure.,Teletransportation,Female,,White or European,,44,Some College,,A3UBB1LJKDQGZP,97358,97358,2,FL_11
5/27/24 3:48,5/27/24 3:51,IP Address,76.217.241.48,100,173,TRUE,5/27/24 3:51,R_10iuyU2SyUG3fHd,,,,,39.722,-84.0327,anonymous,EN,Yes,Paul,Purple,Both persons.,,Teletransportation,Female,,White or European,,53,College Graduate (4 year),,A2EDI66B0KTBEH,70673,70673,1,FL_10
5/27/24 7:08,5/27/24 7:10,IP Address,76.138.57.8,100,132,TRUE,5/27/24 7:10,R_5CJyGlkcPOC50RS,,,,,34.9392,-89.8675,anonymous,EN,Yes,Paul,Purple,Only the person at his friend's house.,,Teletransportation,Male,,White or European,,40,Masters Degree (MS),,A2460MAJX0NA82,857728,857728,1,FL_10
5/27/24 7:50,5/27/24 7:53,IP Address,70.59.28.213,100,143,TRUE,5/27/24 7:53,R_62usnFcBWoFhB4M,,,,,39.8401,-105.0027,anonymous,EN,Yes,Paul,Purple,,Both persons.,Teletransportation,Male,,White or European,,53,Some College,,A27HVVLSZZ13XK,746443,746443,2,FL_11
5/27/24 8:11,5/27/24 8:13,IP Address,136.227.146.33,100,140,TRUE,5/27/24 8:13,R_5uprGnPQ5t89Uv6,,,,,43.5782,-83.17,anonymous,EN,Yes,Paul,Purple,Both persons.,,Teletransportation,Female,,Asian,,52,Some College,,A26D2ZZKJW7BXR,851458,851458,1,FL_10
5/27/24 9:12,5/27/24 9:13,IP Address,208.56.157.103,100,89,TRUE,5/27/24 9:13,R_3CHRpbqI03LVQ8Y,,,,,37.2988,-83.1826,anonymous,EN,Yes,Paul,Purple,,Both persons.,Teletransportation,Male,,White or European,,34,Vocational/Technical School (2 year),,A26K8OELA8ZDI9,203081,203081,2,FL_11
5/27/24 12:14,5/27/24 12:17,IP Address,107.4.50.69,100,131,TRUE,5/27/24 12:17,R_3lQGNcXt1SHsRMZ,,,,,42.7686,-86.117,anonymous,EN,Yes,Paul,Purple,Both persons.,,Teletransportation,Female,,White or European,,47,College Graduate (4 year),,A2I4A4WGWII18Z,886364,886364,1,FL_10
5/27/24 14:00,5/27/24 14:03,IP Address,136.37.31.154,100,192,TRUE,5/27/24 14:03,R_5i3XYobQcFApZRu,,,,,39.1995,-94.5265,anonymous,EN,Yes,Paul,Purple,,I am not sure.,Teletransportation,Male,,White or European,,38,Masters Degree (MS),,A23JA6ICO4BPQ5,677981,677981,2,FL_11
5/27/24 17:15,5/27/24 17:17,IP Address,172.56.66.231,100,124,TRUE,5/27/24 17:17,R_1lrg0lFyxqvwi9Z,,,,,33.8508,-84.2863,anonymous,EN,Yes,Paul,Purple,,Only the person from his relative's house.,Teletransportation,Female,,Black or African American,,42,College Graduate (4 year),,A1V6CP5I0TOSAR,592143,592143,2,FL_11
5/27/24 19:08,5/27/24 19:14,IP Address,158.247.180.30,100,368,TRUE,5/27/24 19:14,R_7cVeOvdBlgRr9Iz,,,,,38.2181,-84.8788,anonymous,EN,Yes,Paul,Purple,Both persons.,,Teletransportation,Male,,White or European,,41,College Graduate (4 year),,A2OCP3UDPBH0ME,,688675,1,FL_10
5/28/24 13:52,5/28/24 13:54,IP Address,104.9.161.4,100,127,TRUE,5/28/24 13:54,R_2DpD5nJNucaQJDu,,,,,34.0767,-118.1802,anonymous,EN,Yes,Paul,Purple,Both persons.,,Teletransportation,Female,,Black or African American,,38,Some College,,AU5Y7J1PF0UIT,,45001,1,FL_10
5/28/24 14:56,5/28/24 14:58,IP Address,50.4.144.5,100,85,TRUE,5/28/24 14:58,R_1r25kQ7wDJt0gFW,,,,,32.853,-79.9876,anonymous,EN,Yes,Paul,Purple,,Both persons.,Teletransportation,Male,,White or European,,39,College Graduate (4 year),,A1HWI4N1RJGKYY,545293,545293,2,FL_11
5/28/24 18:24,5/28/24 18:25,IP Address,72.208.196.162,100,52,TRUE,5/28/24 18:25,R_7vJvekky74GKwvf,,,,,33.6969,-112.1658,anonymous,EN,Yes,Paul,Purple,Both persons.,,Teletransportation,Male,,White or European,,36,Some College,,A3UUH3632AI3ZX,314118,314118,1,FL_10
5/28/24 19:29,5/28/24 19:31,IP Address,173.16.48.49,100,104,TRUE,5/28/24 19:31,R_6BSgVoz32LH9A2v,,,,,47.5342,-92.5308,anonymous,EN,Yes,Paul,Purple,,I am not sure.,Teletransportation,Female,,White or European,,42,Some College,,A6U2C66WQ7QQN,623282,623282,2,FL_11
5/29/24 3:24,5/29/24 3:26,IP Address,24.38.193.78,100,114,TRUE,5/29/24 3:26,R_3BWTubW5hbyQ2NL,,,,,40.9564,-74.6246,anonymous,EN,Yes,Paul,Purple,Both persons.,,Teletransportation,Female,,White or European,,65,College Graduate (4 year),,A2A40D950QGXHK,12702,12702,1,FL_10
5/29/24 15:21,5/29/24 15:22,IP Address,172.56.169.52,100,31,TRUE,5/29/24 15:22,R_5cnmXfulCYZoYgx,,,,,38.5148,-121.4395,anonymous,EN,Yes,Paul,Green,,,,,,,,,,,,,699215,,
5/29/24 15:22,5/29/24 15:25,IP Address,172.56.169.52,100,205,TRUE,5/29/24 15:25,R_5KdkYALwEdQNarr,,,,,38.5148,-121.4395,anonymous,EN,Yes,Paul,Purple,,Both persons.,Teletransportation,Male,,White or European,,53,High School or Equivalent,,A16D2GVNFHEB9V,90610,90610,2,FL_11
5/29/24 15:38,5/29/24 15:39,IP Address,76.33.36.159,100,90,TRUE,5/29/24 15:39,R_7BTukLPrIgSBeLL,,,,,33.9675,-118.1464,anonymous,EN,Yes,Paul,Purple,Both persons.,,Teletransportation,Male,,Asian,,37,College Graduate (4 year),,A2MUCL20GTQJA0,824967,824967,1,FL_10
5/22/24 20:54,5/22/24 20:54,IP Address,49.47.218.93,13,22,FALSE,5/29/24 20:54,R_4CgC3gHpml5GFLA,,,,,,,anonymous,EN,Yes,,,,,,,,,,,,,,,462771,,
5/23/24 7:54,5/23/24 7:54,IP Address,24.194.228.107,13,4,FALSE,5/30/24 7:54,R_5lFTIs4fT3f0MWf,,,,,,,anonymous,EN,Yes,,,,,,,,,,,,,,,132809,,
5/23/24 10:47,5/23/24 10:47,IP Address,65.175.203.94,31,23,FALSE,5/30/24 10:48,R_6q46uVCzYYIuRMB,,,,,,,anonymous,EN,Yes,Paul,Purple,,,,,,,,,,,,,348802,2,FL_11
5/31/24 11:55,5/31/24 11:56,IP Address,208.252.176.179,100,23,TRUE,5/31/24 11:56,R_3llOxWqf5DhbWgx,,,,,39.9053,-75.0023,anonymous,EN,Yes,Neither John nor Paul,Purple,,,,,,,,,,,,,910564,,
5/31/24 11:55,5/31/24 11:57,IP Address,209.20.251.192,100,101,TRUE,5/31/24 11:57,R_5dM1d8ABxDLPyQW,,,,,37.751,-97.822,anonymous,EN,Yes,Paul,Purple,,Only the person from his friend's house.,Teletransportation,Male,,White or European,,30,Masters Degree (MS),,A236ZRZE2B42E8,965952,965952,2,FL_11
5/31/24 11:57,5/31/24 11:58,IP Address,139.171.221.124,100,31,TRUE,5/31/24 11:58,R_15y3e5o80M0LXFv,,,,,39.0469,-77.4903,anonymous,EN,Yes,Paul,Green,,,,,,,,,,,,,737210,,
5/31/24 11:58,5/31/24 11:58,IP Address,139.171.221.124,100,21,TRUE,5/31/24 11:58,R_1KHWsi3v4Jp7oEV,,,,,39.0469,-77.4903,anonymous,EN,Yes,Both John and Paul,Green,,,,,,,,,,,,,836416,,
5/31/24 11:57,5/31/24 11:59,IP Address,209.20.221.97,100,80,TRUE,5/31/24 11:59,R_3EvGtLhizDPfpap,,,,,35.9825,-78.5376,anonymous,EN,Yes,Paul,Purple,,Only the person from his friend's house.,Plane travel,Male,,White or European,,59,High School or Equivalent,,A1Q5JN3I3PWOT7,890389,890389,2,FL_11
5/31/24 11:56,5/31/24 11:59,IP Address,209.20.251.48,100,164,TRUE,5/31/24 11:59,R_78HYMtxshC4hNPH,,,,,37.751,-97.822,anonymous,EN,Yes,Paul,Purple,Only the person at his friend's house.,,Plane travel,Male,,White or European,,36,Masters Degree (MS),,A1Y9LKB2Y78U1A,904317,904317,1,FL_10
5/31/24 11:58,5/31/24 11:59,IP Address,139.171.246.183,100,77,TRUE,5/31/24 11:59,R_5TGfF1rcrk7lXih,,,,,40.7852,-73.8098,anonymous,EN,Yes,Both John and Paul,Purple,,,,,,,,,,,,,840833,,
5/31/24 11:59,5/31/24 12:00,IP Address,139.171.221.124,100,63,TRUE,5/31/24 12:00,R_1MbWV6pJICoIZzY,,,,,39.0469,-77.4903,anonymous,EN,Yes,Paul,Purple,,Only the person from his friend's house.,Plane travel,Male,,White or European,,40,Doctoral Degree (PhD),,A2QRKSV1QS27K7,874903,874903,2,FL_11
5/31/24 11:59,5/31/24 12:00,IP Address,141.140.89.157,100,57,TRUE,5/31/24 12:00,R_133bQPnLWlTQv9Y,,,,,37.751,-97.822,anonymous,EN,Yes,Paul,Green,,,,,,,,,,,,,352281,,
5/31/24 11:56,5/31/24 12:00,IP Address,139.171.217.173,100,255,TRUE,5/31/24 12:00,R_38zFB3BH4B8nJt7,,,,,39.0469,-77.4903,anonymous,EN,Yes,Paul,Purple,,I am not sure.,Plane travel,Male,,White or European,,35,Masters Degree (MS),,A20729PYQ5NDIM,,307211,2,FL_11
5/31/24 11:56,5/31/24 12:00,IP Address,45.85.205.37,100,227,TRUE,5/31/24 12:00,R_6bZsgWOuEm2nZAJ,,,,,39.7356,-75.5516,anonymous,EN,Yes,Paul,Purple,,Both persons.,Teletransportation,Female,,White or European,,56,Masters Degree (MS),,A3UQIHW07G0EAG,351396,351396,2,FL_11
5/31/24 11:58,5/31/24 12:00,IP Address,196.51.206.185,100,138,TRUE,5/31/24 12:00,R_1mEeiI0Ot0VvGcp,,,,,39.0469,-77.4903,anonymous,EN,Yes,Neither John nor Paul,Purple,,,,,,,,,,,,,233799,,
5/31/24 11:58,5/31/24 12:00,IP Address,208.207.141.247,100,148,TRUE,5/31/24 12:00,R_32rU4nGa7KNThE4,,,,,40.7637,-73.7695,anonymous,EN,Yes,Paul,Purple,Only the person at his friend's house.,,Teletransportation,Female,,White or European,,35,College Graduate (4 year),,A1EHGU7N9SZEQ1,832020,832020,1,FL_10
5/31/24 11:56,5/31/24 12:00,IP Address,208.207.155.165,100,266,TRUE,5/31/24 12:00,R_7qBzJZhI0aEVFmP,,,,,40.7637,-73.7695,anonymous,EN,Yes,Paul,Purple,Only the person at his friend's house.,,Teletransportation,Male,,White or European,,36,College Graduate (4 year),,A19PO2S1CDNJMQ,79125,79125,1,FL_10
5/31/24 11:59,5/31/24 12:00,IP Address,139.171.244.144,100,77,TRUE,5/31/24 12:00,R_3Vx0EpH1hUtU2VC,,,,,40.7852,-73.8098,anonymous,EN,Yes,Paul,Purple,Only the person at his friend's house.,,Plane travel,Male,,White or European,,36,Masters Degree (MS),,A3GRTZ373I0W9Q,155248,155248,1,FL_10
5/31/24 11:57,5/31/24 12:01,IP Address,63.113.25.23,100,188,TRUE,5/31/24 12:01,R_1MyEKcARNEUfBqI,,,,,39.7536,-86.1935,anonymous,EN,Yes,Paul,Purple,Both persons.,,Teletransportation,Male,,White or European,,27,Masters Degree (MS),,ALQXOW98KX2W6,905699,905699,1,FL_10
5/31/24 11:56,5/31/24 12:01,IP Address,209.166.254.215,100,321,TRUE,5/31/24 12:01,R_3Ck0GrQGPfhCQlS,,,,,37.751,-97.822,anonymous,EN,Yes,Paul,Purple,,Only the person from his friend's house.,Plane travel,Male,,White or European,,1961,Masters Degree (MS),,A1Y0LQV8X1NGOF,,648374,2,FL_11
5/31/24 12:00,5/31/24 12:01,IP Address,196.51.206.185,100,40,TRUE,5/31/24 12:01,R_3PFlr4850RLQbpn,,,,,39.0469,-77.4903,anonymous,EN,Yes,Both John and Paul,Purple,,,,,,,,,,,,,716658,,
5/31/24 11:56,5/31/24 12:01,IP Address,216.65.138.142,100,326,TRUE,5/31/24 12:01,R_5CIv5uuxBh9bi6U,,,,,37.751,-97.822,anonymous,EN,Yes,Paul,Purple,Only the person at his friend's house.,,Teletransportation,Female,,White or European,,40,Some College,,A3TLRM5YNJFSKY,,10152,1,FL_10
5/31/24 11:56,5/31/24 12:01,IP Address,208.194.214.147,100,327,TRUE,5/31/24 12:01,R_70UNSoxdsUGHS7U,,,,,40.0619,-74.9987,anonymous,EN,Yes,Paul,Purple,Only the person at his friend's house.,,Teletransportation,Female,,White or European,,35,College Graduate (4 year),,A5V4W3SHY0QKW,427761,427761,1,FL_10
5/31/24 11:58,5/31/24 12:01,IP Address,208.194.200.212,100,195,TRUE,5/31/24 12:01,R_5rGPHxWm88J5sJo,,,,,40.0619,-74.9987,anonymous,EN,Yes,Paul,Purple,,Only the person from his friend's house.,Teletransportation,Male,,White or European,,35,College Graduate (4 year),,A32PWWDFSHKS87,311250,311250,2,FL_11
5/31/24 11:59,5/31/24 12:01,IP Address,69.91.161.88,100,144,TRUE,5/31/24 12:01,R_6Ut509eNoNg9lBv,,,,,37.751,-97.822,anonymous,EN,Yes,Paul,Green,,,,,,,,,,,,,821381,,
5/31/24 11:58,5/31/24 12:02,IP Address,192.25.232.16,100,196,TRUE,5/31/24 12:02,R_6338AAw5bc7sku9,,,,,37.751,-97.822,anonymous,EN,Yes,Paul,Purple,,Both persons.,Teletransportation,Male,,White or European,,35,"Professional Degree (MD, JD, etc.)",,A146JF0ZI7WSQ5,172129,172129,2,FL_11
5/31/24 11:58,5/31/24 12:02,IP Address,204.242.1.104,100,221,TRUE,5/31/24 12:02,R_7QuwzNXO6tvYGFc,,,,,39.0469,-77.4903,anonymous,EN,Yes,Paul,Purple,Both persons.,,Teletransportation,Male,,White or European,,35,College Graduate (4 year),,A24G7VRFBX13Z5,278889,278889,1,FL_10
5/31/24 11:56,5/31/24 12:02,IP Address,104.171.169.81,100,325,TRUE,5/31/24 12:02,R_1yNdvxua34xT7UZ,,,,,39.0469,-77.4903,anonymous,EN,Yes,Paul,Purple,Only the person at his relative's house.,,Plane travel,Female,,White or European,,59,College Graduate (4 year),,A1B973PG17H746,183453,183453,1,FL_10
5/31/24 11:59,5/31/24 12:02,IP Address,208.252.176.86,100,195,TRUE,5/31/24 12:02,R_1AhWspmpqBU8X3X,,,,,39.9053,-75.0023,anonymous,EN,Yes,Neither John nor Paul,Green,,,,,,,,,,,,,687019,,
5/31/24 11:57,5/31/24 12:02,IP Address,192.126.141.179,100,314,TRUE,5/31/24 12:02,R_1TsBgLb0DZ3Ux42,,,,,37.751,-97.822,anonymous,EN,Yes,Paul,Purple,,Only the person from his relative's house.,Teletransportation,Female,,White or European,,35,College Graduate (4 year),,A2CQ3YXSY7JQRD,14193,14193,2,FL_11
5/31/24 12:00,5/31/24 12:02,IP Address,208.194.201.180,100,109,TRUE,5/31/24 12:02,R_6Wrpt26Xd3zlnWN,,,,,40.0619,-74.9987,anonymous,EN,Yes,Paul,Purple,,Only the person from his relative's house.,Plane travel,Female,,White or European,,25,College Graduate (4 year),,A3JH0X6GMY40GE,168067,168067,2,FL_11
5/31/24 11:58,5/31/24 12:02,IP Address,204.242.1.110,100,250,TRUE,5/31/24 12:02,R_5pW3Amqw8D6yuL6,,,,,39.0469,-77.4903,anonymous,EN,Yes,Paul,Purple,Both persons.,,Teletransportation,Male,,White or European,,27,College Graduate (4 year),,A1SH07YE0XPWVE,666904,666904,1,FL_10
5/31/24 11:58,5/31/24 12:02,IP Address,204.114.115.214,100,257,TRUE,5/31/24 12:02,R_78AEtEZPrFEfPmV,,,,,35.9825,-78.5376,anonymous,EN,Yes,Paul,Purple,,I am not sure.,Teletransportation,Female,,White or European,,38,Doctoral Degree (PhD),,A1MK2GGNURWQCP,,223100,2,FL_11
5/31/24 11:58,5/31/24 12:02,IP Address,149.143.128.223,100,216,TRUE,5/31/24 12:02,R_5DygRaPWpElzCPn,,,,,40.7205,-73.8796,anonymous,EN,Yes,Paul,Purple,Only the person at his friend's house.,,Teletransportation,Male,,White or European,,33,Masters Degree (MS),,A1R9W8OAD94C1D,649004,649004,1,FL_10
5/31/24 11:59,5/31/24 12:02,IP Address,71.167.25.250,100,204,TRUE,5/31/24 12:02,R_7eLA9vTkj1HJ1iV,,,,,40.6446,-73.9743,anonymous,EN,Yes,Paul,Purple,,I am not sure.,Teletransportation,Male,,Asian,,42,College Graduate (4 year),,AONSG5WOC3OX0,,941863,2,FL_11
5/31/24 11:57,5/31/24 12:02,IP Address,63.112.160.177,100,302,TRUE,5/31/24 12:02,R_5v0zhOLVY81DVcj,,,,,38.6438,-77.3451,anonymous,EN,Yes,Paul,Purple,Both persons.,,Teletransportation,Female,,White or European,,43,College Graduate (4 year),,A39ZHQN1GD5A9D,191078,191078,1,FL_10
5/31/24 11:58,5/31/24 12:02,IP Address,209.20.234.92,100,263,TRUE,5/31/24 12:02,R_6oAqMPDUSyEhnDF,,,,,40.7359,-73.9904,anonymous,EN,Yes,Paul,Purple,Only the person at his relative's house.,,Teletransportation,Male,,White or European,,37,College Graduate (4 year),,A3G2EDXF87X2QM,929647,929647,1,FL_10
5/31/24 11:56,5/31/24 12:02,IP Address,208.252.177.108,100,363,TRUE,5/31/24 12:02,R_7OSxOwqp8mBaTAJ,,,,,39.9053,-75.0023,anonymous,EN,Yes,Paul,Purple,Only the person at his friend's house.,,Teletransportation,Female,,Hispanic or Latino,,25,College Graduate (4 year),,A2U4UFWQ84TN8A,63726,63726,1,FL_10
5/31/24 12:02,5/31/24 12:03,IP Address,63.113.25.31,100,54,TRUE,5/31/24 12:03,R_3eLzqCh0PAuC5Lb,,,,,39.7536,-86.1935,anonymous,EN,Yes,Paul,Purple,Only the person at his relative's house.,,Teletransportation,Male,,White or European,,28,Masters Degree (MS),,A2LOJYNHNGIOZQ,798922,798922,1,FL_10
5/31/24 11:56,5/31/24 12:03,IP Address,38.255.35.28,100,387,TRUE,5/31/24 12:03,R_1rBIpI1JCkQAbvQ,,,,,34.0544,-118.244,anonymous,EN,Yes,Paul,Purple,,Both persons.,Teletransportation,Male,,White or European,,27,"Professional Degree (MD, JD, etc.)",,A1OX2023717CQ8,594992,594992,2,FL_11
5/31/24 12:01,5/31/24 12:03,IP Address,196.51.206.185,100,101,TRUE,5/31/24 12:03,R_1U28DL5SoEOjxLj,,,,,39.0469,-77.4903,anonymous,EN,Yes,Paul,Purple,I am not sure.,,Farming,Male,,White or European,,30,Masters Degree (MS),,A2ZI0ZRQIZ7BJW,184831,184831,1,FL_10
5/31/24 11:58,5/31/24 12:03,IP Address,192.126.137.63,100,266,TRUE,5/31/24 12:03,R_7QSln6WFBtGZxZ5,,,,,37.751,-97.822,anonymous,EN,Yes,Paul,Purple,,Both persons.,Teletransportation,Male,,White or European,,35,College Graduate (4 year),,A3QIWEQXAGMGD,637048,637048,2,FL_11
5/31/24 11:56,5/31/24 12:03,IP Address,137.155.101.126,100,426,TRUE,5/31/24 12:03,R_5CgJ5rrU7JpuemR,,,,,37.751,-97.822,anonymous,EN,Yes,Paul,Purple,Only the person at his friend's house.,,Plane travel,Female,,White or European,,40,College Graduate (4 year),,AUP5QPOZE8I0B,,439211,1,FL_10
5/31/24 12:00,5/31/24 12:03,IP Address,142.197.130.187,100,163,TRUE,5/31/24 12:03,R_3jbU1LQTQdvgNyN,,,,,28.3056,-81.4197,anonymous,EN,Yes,Paul,Purple,Both persons.,,Teletransportation,Female,,Hispanic or Latino,,61,Some College,,A3CSIM8V9IYXM7,953469,953469,1,FL_10
5/31/24 12:01,5/31/24 12:03,IP Address,154.27.76.227,100,172,TRUE,5/31/24 12:03,R_7QKpEmSHReXuEqM,,,,,26.7158,-80.0491,anonymous,EN,Yes,Paul,Purple,,Only the person from his relative's house.,Teletransportation,Female,,White or European,,30,High School or Equivalent,,A1YDCXZUPEOXPM,607224,607224,2,FL_11
5/31/24 12:02,5/31/24 12:04,IP Address,139.171.217.180,100,93,TRUE,5/31/24 12:04,R_1oz5aX28eTWu8tJ,,,,,39.0469,-77.4903,anonymous,EN,Yes,Paul,Purple,,Only the person from his relative's house.,Teletransportation,Male,,White or European,,38,Some College,,A2HXNNNW7V1OLQ,,895759,2,FL_11
5/31/24 12:00,5/31/24 12:04,IP Address,141.140.89.157,100,211,TRUE,5/31/24 12:04,R_3uP7QPcyIS8QtwJ,,,,,37.751,-97.822,anonymous,EN,Yes,Paul,Purple,,I am not sure.,Teletransportation,Male,,White or European,,30,Masters Degree (MS),,ACPXYE00DOVYF,874147,874147,2,FL_11
5/31/24 12:00,5/31/24 12:04,IP Address,137.155.40.240,100,261,TRUE,5/31/24 12:04,R_3tDbJolVVXDSSfG,,,,,37.751,-97.822,anonymous,EN,Yes,Paul,Purple,I am not sure.,,Plane travel,Female,,White or European,,39,High School or Equivalent,,A1IINPLOE5T65I,,259154,1,FL_10
5/31/24 12:01,5/31/24 12:04,IP Address,173.239.211.71,100,197,TRUE,5/31/24 12:04,R_5k0ujlkmSQ1uJAL,,,,,40.7123,-74.0068,anonymous,EN,Yes,Paul,Purple,,Both persons.,Teletransportation,Male,,Black or African American,,28,College Graduate (4 year),,A3R97T5D3RR9JX,,885322,2,FL_11
5/31/24 11:57,5/31/24 12:04,IP Address,208.194.213.34,100,465,TRUE,5/31/24 12:04,R_5JXY6vyz7FtOS9b,,,,,40.0619,-74.9987,anonymous,EN,Yes,Paul,Purple,Only the person at his relative's house.,,Plane travel,Male,,White or European,,1988,Masters Degree (MS),,AD0KOGRQZG4AL,322637,322637,1,FL_10
5/31/24 11:59,5/31/24 12:05,IP Address,209.114.13.42,100,368,TRUE,5/31/24 12:05,R_5l6jzde2Gsydnsp,,,,,37.751,-97.822,anonymous,EN,Yes,Paul,Purple,,Only the person from his relative's house.,Teletransportation,Female,,White or European,,24,Masters Degree (MS),,A315LAT7FUO2OP,174886,174886,2,FL_11
5/31/24 12:01,5/31/24 12:05,IP Address,209.114.13.46,100,226,TRUE,5/31/24 12:05,R_13fwA8Fo2D4uwqF,,,,,37.751,-97.822,anonymous,EN,Yes,Paul,Purple,Only the person at his relative's house.,,Teletransportation,Male,,White or European,,33,Masters Degree (MS),,A2VPNZQ10WTVGF,656334,656334,1,FL_10
5/31/24 12:03,5/31/24 12:05,IP Address,65.140.72.210,100,116,TRUE,5/31/24 12:05,R_72rSKtavQYWSL0M,,,,,47.666,-117.4359,anonymous,EN,Yes,Paul,Purple,Both persons.,,Teletransportation,Male,,White or European,,60,Some College,,A1OZPLHNIU1519,,901983,1,FL_10
5/31/24 11:57,5/31/24 12:05,IP Address,45.196.63.168,100,487,TRUE,5/31/24 12:05,R_6Nk810dHfOLgrkV,,,,,40.8492,-73.9735,anonymous,EN,Yes,Paul,Purple,Both persons.,,Teletransportation,Female,,White or European,,25,College Graduate (4 year),,A1K7IAWTGPDM59,804588,804588,1,FL_10
5/31/24 11:57,5/31/24 12:05,IP Address,45.196.32.68,100,489,TRUE,5/31/24 12:05,R_7IHtVUQH3kyXASM,,,,,39.0469,-77.4903,anonymous,EN,Yes,Paul,Purple,,Only the person from his relative's house.,Teletransportation,Male,,White or European,,61,Masters Degree (MS),,A7XH766DN977P,,296686,2,FL_11
5/31/24 12:04,5/31/24 12:05,IP Address,76.132.167.35,100,107,TRUE,5/31/24 12:05,R_7OZLtfCoS7ejRoe,,,,,37.3372,-121.798,anonymous,EN,Yes,Paul,Purple,Both persons.,,Teletransportation,Male,,Mixed,,40,College Graduate (4 year),,A1YSYI926BBOHW,287612,287612,1,FL_10
5/31/24 12:03,5/31/24 12:06,IP Address,104.219.239.14,100,174,TRUE,5/31/24 12:06,R_7jclA97SvnFlgnO,,,,,44.9036,-123.0461,anonymous,EN,Yes,Paul,Purple,,Only the person from his friend's house.,Plane travel,Male,,White or European,,35,College Graduate (4 year),,AAZVWXP4MUYEK,306707,306707,2,FL_11
5/31/24 12:01,5/31/24 12:06,IP Address,192.6.67.43,100,322,TRUE,5/31/24 12:06,R_1dhZ2VxAfglhMBz,,,,,37.751,-97.822,anonymous,EN,Yes,Neither John nor Paul,Purple,,,,,,,,,,,,,700688,,
5/31/24 11:59,5/31/24 12:06,IP Address,209.20.215.74,100,438,TRUE,5/31/24 12:06,R_1D9CsfHdKUqipoZ,,,,,39.013,-76.6742,anonymous,EN,Yes,Paul,Green,,,,,,,,,,,,,558008,,
5/31/24 12:04,5/31/24 12:07,IP Address,63.113.25.123,100,158,TRUE,5/31/24 12:07,R_1hmslHAJ0NKxujv,,,,,39.7536,-86.1935,anonymous,EN,Yes,Paul,Purple,Both persons.,,Teletransportation,Male,,White or European,,24,College Graduate (4 year),,A1R033FHHMVPXN,840331,840331,1,FL_10
5/31/24 11:59,5/31/24 12:07,IP Address,207.230.116.94,100,464,TRUE,5/31/24 12:07,R_1eOLa6s4Cc1IAiM,,,,,36.1025,-80.2224,anonymous,EN,Yes,Paul,Purple,Both persons.,,Teletransportation,Male,,Black or African American,,33,College Graduate (4 year),,A123C1M2V045Q3,702922,702922,1,FL_10
5/31/24 12:06,5/31/24 12:07,IP Address,139.171.217.142,100,83,TRUE,5/31/24 12:07,R_1JEmgfSEj0RyL7R,,,,,39.0469,-77.4903,anonymous,EN,Yes,Paul,Purple,Only the person at his relative's house.,,Teletransportation,Male,,White or European,,39,College Graduate (4 year),,A2Q30K1A0AQ16Q,,742828,1,FL_10
5/31/24 12:07,5/31/24 12:07,IP Address,154.27.76.210,100,23,TRUE,5/31/24 12:07,R_5EldxPzWQTY0sBX,,,,,26.7158,-80.0491,anonymous,EN,Yes,Neither John nor Paul,Purple,,,,,,,,,,,,,597088,,
5/31/24 12:07,5/31/24 12:07,IP Address,192.6.67.43,100,32,TRUE,5/31/24 12:07,R_3dg7qzZDTdInbKu,,,,,37.751,-97.822,anonymous,EN,Yes,Both John and Paul,Purple,,,,,,,,,,,,,797725,,
5/31/24 12:06,5/31/24 12:08,IP Address,181.214.107.249,100,101,TRUE,5/31/24 12:08,R_3uDpHEaMagooO65,,,,,41.8874,-87.6318,anonymous,EN,Yes,Paul,Purple,I am not sure.,,Teletransportation,Male,,Black or African American,,34,College Graduate (4 year),,AGILQEFEPEK7N,,915491,1,FL_10
5/31/24 12:03,5/31/24 12:08,IP Address,72.46.139.252,100,309,TRUE,5/31/24 12:08,R_6pMlcKaNRSUSmIl,,,,,36.102,-115.1447,anonymous,EN,Yes,Paul,Purple,,Both persons.,Teletransportation,Male,,White or European,,34,Masters Degree (MS),,A2NNBDO4LMCMVM,,451298,2,FL_11
5/31/24 12:06,5/31/24 12:08,IP Address,76.155.6.53,100,105,TRUE,5/31/24 12:08,R_3HoexdKhci6vhIv,,,,,39.869,-104.9767,anonymous,EN,Yes,Paul,Purple,,Both persons.,Teletransportation,Male,,White or European,,62,College Graduate (4 year),,A6JKKANO7F4KD,501926,501926,2,FL_11
5/31/24 12:04,5/31/24 12:08,IP Address,147.124.211.5,100,216,TRUE,5/31/24 12:08,R_77Yk36yCCIMmq7n,,,,,32.7797,-96.8022,anonymous,EN,Yes,Paul,Purple,Both persons.,,Teletransportation,Male,,White or European,,38,Masters Degree (MS),,A19ZXJPWIOI6JC,4212,4212,1,FL_10
5/31/24 12:03,5/31/24 12:08,IP Address,209.166.220.136,100,316,TRUE,5/31/24 12:08,R_67v6eczg7z9ZToo,,,,,29.9762,-95.6401,anonymous,EN,Yes,Paul,Purple,,Both persons.,Teletransportation,Male,,White or European,,1990,College Graduate (4 year),,A3MJQGS5IAOR5A,2076,2076,2,FL_11
5/31/24 12:03,5/31/24 12:08,IP Address,208.252.176.28,100,349,TRUE,5/31/24 12:08,R_3Yoa4oZZIrJzwFX,,,,,39.9053,-75.0023,anonymous,EN,Yes,Paul,Purple,Only the person at his relative's house.,,Teletransportation,Male,,White or European,,1995,Masters Degree (MS),,AYGMCQ8WAKJ6S,361993,361993,1,FL_10
5/31/24 12:07,5/31/24 12:09,IP Address,154.27.76.210,100,63,TRUE,5/31/24 12:09,R_7lWAAhM83wNands,,,,,26.7158,-80.0491,anonymous,EN,Yes,Paul,Purple,,Only the person from his friend's house.,Farming,Male,,White or European,,30,Masters Degree (MS),,A2KRTGJVF7REW0,925285,925285,2,FL_11
5/31/24 12:03,5/31/24 12:09,IP Address,209.20.210.246,100,353,TRUE,5/31/24 12:09,R_7FCwm9IE6z3zft7,,,,,33.8737,-118.236,anonymous,EN,Yes,Paul,Purple,,Only the person from his friend's house.,Teletransportation,Male,,White or European,,33,Masters Degree (MS),,A1BKHELGZXLL4U,890822,890822,2,FL_11
5/31/24 11:57,5/31/24 12:09,IP Address,208.194.207.82,100,743,TRUE,5/31/24 12:09,R_7c5MEGLwGOIyTrH,,,,,40.0619,-74.9987,anonymous,EN,Yes,Paul,Purple,,Only the person from his relative's house.,Teletransportation,Male,,White or European,,35,College Graduate (4 year),,A1BBNX68DRRQ6F,727893,727893,2,FL_11
5/31/24 12:07,5/31/24 12:09,IP Address,154.27.76.204,100,104,TRUE,5/31/24 12:09,R_7InEkQsT6TvswbD,,,,,26.7158,-80.0491,anonymous,EN,Yes,Paul,Green,,,,,,,,,,,,,770900,,
5/31/24 12:08,5/31/24 12:09,IP Address,63.113.30.46,100,97,TRUE,5/31/24 12:09,R_1IGDgJoo1QcWXr1,,,,,39.7536,-86.1935,anonymous,EN,Yes,Paul,Purple,Both persons.,,Teletransportation,Male,,White or European,,24,College Graduate (4 year),,A2PPW3LL8720KW,332848,332848,1,FL_10
5/31/24 11:56,5/31/24 12:09,IP Address,154.27.77.100,100,781,TRUE,5/31/24 12:09,R_7qdRlrQUx3Ld15W,,,,,26.7158,-80.0491,anonymous,EN,Yes,Paul,Purple,,Both persons.,Teletransportation,Female,,White or European,,25,Masters Degree (MS),,A3GQBCWTJ218DQ,427140,427140,2,FL_11
5/31/24 11:59,5/31/24 12:09,IP Address,94.124.161.142,100,609,TRUE,5/31/24 12:09,R_7OkvbYdXhclkKg2,,,,,25.7689,-80.1946,anonymous,EN,Yes,Paul,Purple,Both persons.,,Teletransportation,Female,,White or European,,27,College Graduate (4 year),,A21LGDPU41SM67,916694,916694,1,FL_10
5/31/24 12:09,5/31/24 12:10,IP Address,139.171.209.244,100,52,TRUE,5/31/24 12:10,R_6zlZqokbWI0xzz3,,,,,39.0469,-77.4903,anonymous,EN,Yes,Paul,Purple,,Only the person from his friend's house.,Teletransportation,Male,,White or European,,38,College Graduate (4 year),,A1K3XVJQWINKNZ,,102544,2,FL_11
5/31/24 12:07,5/31/24 12:10,IP Address,209.20.215.74,100,141,TRUE,5/31/24 12:10,R_7hCMd1LULYE14jv,,,,,39.013,-76.6742,anonymous,EN,Yes,Both John and Paul,Green,,,,,,,,,,,,,382291,,
5/31/24 12:06,5/31/24 12:10,IP Address,209.114.13.46,100,217,TRUE,5/31/24 12:10,R_3Cd0YF6kn3Bes77,,,,,37.751,-97.822,anonymous,EN,Yes,Paul,Purple,Both persons.,,Plane travel,Male,,White or European,,33,"Professional Degree (MD, JD, etc.)",,A2VPNZQ10WTVGF,,207703,1,FL_10
5/31/24 11:56,5/31/24 12:10,IP Address,192.227.119.236,100,841,TRUE,5/31/24 12:10,R_5173AjssMr07hc6,,,,,37.751,-97.822,anonymous,EN,Yes,Paul,Purple,,Both persons.,Teletransportation,Female,,White or European,,25,College Graduate (4 year),,A3HYMHOVGSBOE8,184364,184364,2,FL_11
5/31/24 11:59,5/31/24 12:10,IP Address,208.196.108.135,100,700,TRUE,5/31/24 12:10,R_3dsELiKUOhKupKt,,,,,35.9375,-84.073,anonymous,EN,Yes,Paul,Purple,,Only the person from his friend's house.,Plane travel,Male,,White or European,,25,College Graduate (4 year),,AZSQXKQVRSE76,488452,488452,2,FL_11
5/31/24 12:08,5/31/24 12:10,IP Address,209.114.14.235,100,142,TRUE,5/31/24 12:10,R_10o8Il3OArT12CR,,,,,37.751,-97.822,anonymous,EN,Yes,Paul,Purple,Both persons.,,Teletransportation,Female,,White or European,,24,Some College,,A26LY7CJYZFM9V,683979,683979,1,FL_10
5/31/24 12:10,5/31/24 12:10,IP Address,209.20.215.74,100,36,TRUE,5/31/24 12:10,R_1KuLkRHAviFMFNS,,,,,39.013,-76.6742,anonymous,EN,Yes,Neither John nor Paul,Purple,,,,,,,,,,,,,698150,,
5/31/24 12:10,5/31/24 12:11,IP Address,154.27.77.100,100,56,TRUE,5/31/24 12:11,R_1isg6osp82G7N6K,,,,,26.7158,-80.0491,anonymous,EN,Yes,Paul,Purple,,Both persons.,Teletransportation,Female,,White or European,,25,Masters Degree (MS),,A3GQBCWTJ218DQ,,711129,2,FL_11
5/31/24 12:10,5/31/24 12:11,IP Address,154.27.89.238,100,44,TRUE,5/31/24 12:11,R_5bV1o1d8VblOLNu,,,,,26.7158,-80.0491,anonymous,EN,Yes,Paul,Purple,Only the person at his friend's house.,,Farming,Male,,White or European,,30,Masters Degree (MS),,AJBPXF8D04J54,775595,775595,1,FL_10
5/31/24 12:04,5/31/24 12:11,IP Address,154.37.81.100,100,426,TRUE,5/31/24 12:11,R_7sB7uJxGzM1i3eA,,,,,39.9528,-75.1646,anonymous,EN,Yes,Paul,Purple,,Only the person from his relative's house.,Teletransportation,Male,,White or European,,22,Masters Degree (MS),,A1M64YNK064YJ,127227,127227,2,FL_11
5/31/24 12:10,5/31/24 12:12,IP Address,209.114.13.46,100,80,TRUE,5/31/24 12:12,R_3Ennnw0dWcGNel7,,,,,37.751,-97.822,anonymous,EN,Yes,Paul,Purple,Both persons.,,Teletransportation,Male,,White or European,,33,Masters Degree (MS),,A2VPNZQ10WTVGF,566682,566682,1,FL_10
5/31/24 12:11,5/31/24 12:12,IP Address,154.27.77.100,100,59,TRUE,5/31/24 12:12,R_5FuPKkYOSzcS35f,,,,,26.7158,-80.0491,anonymous,EN,Yes,Paul,Purple,,Both persons.,Teletransportation,Female,,White or European,,25,Masters Degree (MS),,A3GQBCWTJ218DQ,213503,213503,2,FL_11
5/31/24 12:10,5/31/24 12:12,IP Address,209.20.215.13,100,72,TRUE,5/31/24 12:12,R_5DMCGPLAVT9edie,,,,,39.013,-76.6742,anonymous,EN,Yes,Paul,Purple,,Both persons.,Teletransportation,Female,,White or European,,30,Masters Degree (MS),,A2MUP4K8HAXUEE,246031,246031,2,FL_11
5/31/24 12:11,5/31/24 12:12,IP Address,166.1.14.245,100,70,TRUE,5/31/24 12:12,R_7Y8SoTtxAbET5oW,,,,,39.7458,-75.581,anonymous,EN,Yes,Paul,Purple,Both persons.,,Teletransportation,Female,,White or European,,33,Masters Degree (MS),,A1MCWFRCYFK1BX,656325,656325,1,FL_10
5/31/24 11:57,5/31/24 12:13,IP Address,208.194.207.227,100,948,TRUE,5/31/24 12:13,R_6O2TcdPvdOPD73P,,,,,40.0619,-74.9987,anonymous,EN,Yes,Paul,Purple,Only the person at his friend's house.,,Teletransportation,Male,,White or European,,37,College Graduate (4 year),,A35VLMLUNU5O4C,32064,32064,1,FL_10
5/31/24 12:08,5/31/24 12:13,IP Address,209.114.26.162,100,276,TRUE,5/31/24 12:13,R_3SCckxUgmlW9apj,,,,,40.738,-73.9858,anonymous,EN,Yes,Paul,Purple,Only the person at his friend's house.,,Teletransportation,Male,,White or European,,32,Masters Degree (MS),,AWPQR9B2W7AQD,181043,181043,1,FL_10
5/31/24 12:03,5/31/24 12:13,IP Address,69.91.181.55,100,587,TRUE,5/31/24 12:13,R_3j33WxT6FEjd3M7,,,,,37.751,-97.822,anonymous,EN,Yes,Paul,Purple,,Both persons.,Teletransportation,Male,,White or European,,25,College Graduate (4 year),,AGU9V6TLC9IK5,,45808,2,FL_11
5/31/24 12:09,5/31/24 12:13,IP Address,45.196.54.30,100,266,TRUE,5/31/24 12:13,R_30rpPNhzxEdLNYl,,,,,40.8492,-73.9735,anonymous,EN,Yes,Paul,Purple,,Both persons.,Teletransportation,Male,,White or European,,67,Masters Degree (MS),,A2803ZK05KU1ZL,,760831,2,FL_11
5/31/24 12:08,5/31/24 12:13,IP Address,209.114.7.200,100,312,TRUE,5/31/24 12:13,R_3whmQch1wE6Yk14,,,,,37.751,-97.822,anonymous,EN,Yes,Paul,Purple,,Only the person from his friend's house.,Teletransportation,Female,,White or European,,34,Masters Degree (MS),,AGKR16PS834N6,681853,681853,2,FL_11
5/31/24 11:58,5/31/24 12:13,IP Address,45.194.100.164,100,918,TRUE,5/31/24 12:13,R_1JFNKRoTDk54YgR,,,,,40.7123,-74.0068,anonymous,EN,Yes,Paul,Purple,,Both persons.,Teletransportation,Male,,White or European,,25,College Graduate (4 year),,A3EFKBV6W73WTX,281117,281117,2,FL_11
5/31/24 12:13,5/31/24 12:14,IP Address,147.124.221.126,100,49,TRUE,5/31/24 12:14,R_7kRjUJgJ8BkuFow,,,,,32.7797,-96.8022,anonymous,EN,Yes,Paul,Purple,,I am not sure.,Plane travel,Male,,White or European,,36,Masters Degree (MS),,AZTT0U7FROQL,452593,452593,2,FL_11
5/31/24 12:11,5/31/24 12:14,IP Address,139.171.215.150,100,175,TRUE,5/31/24 12:14,R_7viikWGBnsWs8Qg,,,,,39.0469,-77.4903,anonymous,EN,Yes,Paul,Purple,Only the person at his friend's house.,,Teletransportation,Female,,White or European,,39,"Professional Degree (MD, JD, etc.)",,A10Z8PSD9NBS1T,,998898,1,FL_10
5/31/24 12:06,5/31/24 12:14,IP Address,137.155.57.181,100,448,TRUE,5/31/24 12:14,R_3vcBBAdNPULeDbN,,,,,41.6751,-87.732,anonymous,EN,Yes,Paul,Purple,,Only the person from his friend's house.,Teletransportation,Female,,White or European,,1990,Masters Degree (MS),,AFHMRV30PE1ZI,435585,435585,2,FL_11
5/31/24 12:11,5/31/24 12:14,IP Address,74.80.146.195,100,200,TRUE,5/31/24 12:14,R_5mQ46lxSqrBn90G,,,,,37.751,-97.822,anonymous,EN,Yes,Paul,Purple,Only the person at his relative's house.,,Teletransportation,Female,,White or European,,42,College Graduate (4 year),,A2CLEL4BKK2UEE,621844,621844,1,FL_10
5/31/24 12:09,5/31/24 12:14,IP Address,192.25.211.177,100,334,TRUE,5/31/24 12:14,R_3KvZe6FSGO1jj0q,,,,,37.751,-97.822,anonymous,EN,Yes,Paul,Purple,Only the person at his friend's house.,,Teletransportation,Male,,White or European,,29,Masters Degree (MS),,A3TE7VJBMX9LPR,262191,262191,1,FL_10
5/31/24 12:14,5/31/24 12:15,IP Address,209.20.234.244,100,42,TRUE,5/31/24 12:15,R_5tBSGcXYhf7Jgo9,,,,,40.7359,-73.9904,anonymous,EN,Yes,Paul,Purple,,Both persons.,Teletransportation,Female,,White or European,,33,Masters Degree (MS),,A31ISFT3JWKLJR,495234,495234,2,FL_11
5/31/24 12:13,5/31/24 12:15,IP Address,139.171.197.114,100,81,TRUE,5/31/24 12:15,R_1dQFVQxJSHTaap7,,,,,39.0469,-77.4903,anonymous,EN,Yes,Paul,Green,,,,,,,,,,,,,987502,,
5/31/24 12:11,5/31/24 12:15,IP Address,141.140.67.196,100,237,TRUE,5/31/24 12:15,R_1s4fJMRnWUox1LU,,,,,37.751,-97.822,anonymous,EN,Yes,Paul,Purple,Both persons.,,Teletransportation,Male,,Asian,,25,College Graduate (4 year),,A3N4CDWYJK9V02,660607,660607,1,FL_10
5/31/24 12:08,5/31/24 12:15,IP Address,192.6.67.43,100,461,TRUE,5/31/24 12:15,R_1BUUYyUtwbr1Nr0,,,,,37.751,-97.822,anonymous,EN,Yes,Paul,Purple,Both persons.,,Teletransportation,Male,,White or European,,30,High School or Equivalent,,A2HN2F61RT9HS,862331,862331,1,FL_10
5/31/24 12:11,5/31/24 12:15,IP Address,38.130.226.111,100,259,TRUE,5/31/24 12:15,R_7GDDRSHUZXhvaJ0,,,,,26.7158,-80.0491,anonymous,EN,Yes,Paul,Purple,,Both persons.,Teletransportation,Female,,White or European,,27,College Graduate (4 year),,A3IHL3W22U6VZJ,,270592,2,FL_11
5/31/24 11:55,5/31/24 12:16,IP Address,91.229.180.80,100,1231,TRUE,5/31/24 12:16,R_6OkNlzwUZo1rrVq,,,,,51.4964,-0.1224,anonymous,EN,Yes,Paul,Purple,,Both persons.,Teletransportation,Male,,Asian,,25,Masters Degree (MS),,A1BMY2AMEZA6KD,158298,158298,2,FL_11
5/31/24 12:11,5/31/24 12:16,IP Address,209.20.215.74,100,333,TRUE,5/31/24 12:16,R_6V22HzIYIxKkhcR,,,,,39.013,-76.6742,anonymous,EN,Yes,Paul,Purple,,Only the person from his friend's house.,Teletransportation,Female,,White or European,,36,Masters Degree (MS),,A21NLS26AEO7CJ,489051,489051,2,FL_11
5/31/24 12:13,5/31/24 12:16,IP Address,68.182.240.92,100,207,TRUE,5/31/24 12:16,R_1ssLrlvzIpo3ydb,,,,,39.0469,-77.4903,anonymous,EN,Yes,Paul,Purple,Only the person at his friend's house.,,Teletransportation,Male,,White or European,,32,College Graduate (4 year),,A1WLRZLHWERA45,72175,72175,1,FL_10
5/31/24 12:06,5/31/24 12:17,IP Address,37.230.138.242,100,640,TRUE,5/31/24 12:17,R_8ERqXXE5HFaFNlf,,,,,51.4964,-0.1224,anonymous,EN,Yes,Paul,Purple,Both persons.,,Teletransportation,Male,,White or European,,35,College Graduate (4 year),,A2GDFQ9CVAR3MA,128972,128972,1,FL_10
5/31/24 12:17,5/31/24 12:17,IP Address,139.171.198.177,100,11,TRUE,5/31/24 12:17,R_1I9I4YqX4RtTN4g,,,,,39.0469,-77.4903,anonymous,EN,Yes,Neither John nor Paul,Green,,,,,,,,,,,,,661777,,
5/31/24 12:15,5/31/24 12:17,IP Address,209.114.19.40,100,144,TRUE,5/31/24 12:17,R_7y2cSzBG1E04sAF,,,,,40.738,-73.9858,anonymous,EN,Yes,Paul,Purple,Both persons.,,Teletransportation,Female,,White or European,,38,Masters Degree (MS),,A8UYL6C3YS633,654022,654022,1,FL_10
5/31/24 12:16,5/31/24 12:17,IP Address,137.155.125.45,100,85,TRUE,5/31/24 12:17,R_1gN00lLk4NAGSB5,,,,,37.751,-97.822,anonymous,EN,Yes,Paul,Purple,,Only the person from his friend's house.,Teletransportation,Female,,White or European,,1990,Masters Degree (MS),,AQZPXQIRS0M1V,905589,905589,2,FL_11
5/31/24 12:12,5/31/24 12:17,IP Address,185.14.239.183,100,291,TRUE,5/31/24 12:17,R_7R3dsZervvQzhYB,,,,,38.6583,-77.2481,anonymous,EN,Yes,Paul,Purple,,Only the person from his friend's house.,Plane travel,Male,,White or European,,1965,College Graduate (4 year),,A227QCDPB60CTV,,704158,2,FL_11
5/31/24 12:16,5/31/24 12:18,IP Address,137.155.73.179,100,119,TRUE,5/31/24 12:18,R_7QfC04Q9MggV2nL,,,,,29.5542,-95.7325,anonymous,EN,Yes,Paul,Purple,Both persons.,,Plane travel,Male,,White or European,,33,Masters Degree (MS),,AN4ZUPB16JX5K,553250,553250,1,FL_10
5/31/24 12:16,5/31/24 12:18,IP Address,141.140.85.51,100,116,TRUE,5/31/24 12:18,R_3iDxPI1jYuyv9Lb,,,,,37.751,-97.822,anonymous,EN,Yes,Paul,Purple,Only the person at his relative's house.,,Teletransportation,Female,,Asian,,25,Masters Degree (MS),,A3PD4HSSDYB94P,328470,328470,1,FL_10
5/31/24 12:17,5/31/24 12:18,IP Address,139.171.198.177,100,93,TRUE,5/31/24 12:18,R_6tG7pESjGklxUz5,,,,,39.0469,-77.4903,anonymous,EN,Yes,Both John and Paul,Purple,,,,,,,,,,,,,902594,,
5/31/24 12:08,5/31/24 12:18,IP Address,69.91.161.88,100,645,TRUE,5/31/24 12:18,R_6T6KJimh1o8QJpv,,,,,37.751,-97.822,anonymous,EN,Yes,Paul,Purple,,Both persons.,Farming,Male,,White or European,,33,Masters Degree (MS),,A2D0I2OZHGUT36,675373,675373,2,FL_11
5/31/24 12:13,5/31/24 12:19,IP Address,152.58.222.135,100,312,TRUE,5/31/24 12:19,R_4aQZqkpAFM4Ltr0,,,,,12.8996,80.2209,anonymous,EN,Yes,Paul,Purple,,Only the person from his friend's house.,Farming,Male,,White or European,,32,College Graduate (4 year),,AMVHPDT1Q5W66,295282,295282,2,FL_11
5/31/24 12:13,5/31/24 12:19,IP Address,208.194.200.208,100,314,TRUE,5/31/24 12:19,R_7TDlvzLD4uEbJER,,,,,40.0619,-74.9987,anonymous,EN,Yes,Paul,Purple,Only the person at his friend's house.,,Teletransportation,Female,,White or European,,35,College Graduate (4 year),,A18GKXDWIHE2KJ,650706,650706,1,FL_10
5/31/24 12:18,5/31/24 12:19,IP Address,209.114.5.111,100,54,TRUE,5/31/24 12:19,R_6j75Q6LaLMfib0R,,,,,37.751,-97.822,anonymous,EN,Yes,Paul,Purple,,Only the person from his friend's house.,Teletransportation,Female,,White or European,,1990,Masters Degree (MS),,A22S0FS3GXEQPT,260700,260700,2,FL_11
5/31/24 12:16,5/31/24 12:19,IP Address,173.24.227.49,100,196,TRUE,5/31/24 12:19,R_3dyHNppMDBvy0it,,,,,37.168,-93.3039,anonymous,EN,Yes,Paul,Purple,I am not sure.,,Teletransportation,Male,,White or European,,36,Some College,,APF8F1M25DW76,502478,502478,1,FL_10
5/31/24 12:16,5/31/24 12:19,IP Address,139.171.242.252,100,195,TRUE,5/31/24 12:19,R_3OpkaKCXZqTVqqO,,,,,40.7852,-73.8098,anonymous,EN,Yes,Paul,Purple,,Both persons.,Teletransportation,Male,,Asian,,25,College Graduate (4 year),,ACVFVD9WYRRNR,351738,351738,2,FL_11
5/31/24 12:18,5/31/24 12:19,IP Address,209.20.229.92,100,90,TRUE,5/31/24 12:19,R_5ItmrgMRvw0Vuxo,,,,,40.7359,-73.9904,anonymous,EN,Yes,Paul,Purple,,Both persons.,Teletransportation,Female,,White or European,,32,College Graduate (4 year),,A1Q0ZV8M6M9S63,756275,756275,2,FL_11
5/31/24 12:19,5/31/24 12:20,IP Address,209.20.220.137,100,42,TRUE,5/31/24 12:20,R_7CdZDiNI93zEI2X,,,,,35.9825,-78.5376,anonymous,EN,Yes,Paul,Purple,Only the person at his friend's house.,,Farming,Male,,White or European,,30,Doctoral Degree (PhD),,AAOP60NXRLB9L,150600,150600,1,FL_10
5/31/24 12:08,5/31/24 12:20,IP Address,154.17.152.124,100,672,TRUE,5/31/24 12:20,R_1LMRItF4fUZLulu,,,,,39.0469,-77.4903,anonymous,EN,Yes,Paul,Purple,Both persons.,,Teletransportation,Male,,White or European,,63,College Graduate (4 year),,A2MBHQBKYTTDX,675938,675938,1,FL_10
5/31/24 12:15,5/31/24 12:20,IP Address,209.20.234.182,100,303,TRUE,5/31/24 12:20,R_7dMhtm2ShXGCPo9,,,,,40.7359,-73.9904,anonymous,EN,Yes,Paul,Purple,Both persons.,,Teletransportation,Male,,White or European,,25,College Graduate (4 year),,A3NNA0AQ6KNFC3,297205,297205,1,FL_10
5/31/24 12:19,5/31/24 12:21,IP Address,69.91.149.72,100,127,TRUE,5/31/24 12:21,R_1elTb3CkYYaZIJD,,,,,37.751,-97.822,anonymous,EN,Yes,Paul,Purple,Only the person at his friend's house.,,Teletransportation,Male,,White or European,,33,"Professional Degree (MD, JD, etc.)",,A2VBK708LB3LWW,246381,246381,1,FL_10
5/31/24 12:20,5/31/24 12:21,IP Address,141.140.85.121,100,102,TRUE,5/31/24 12:21,R_7g89qnKBtb3Ufm1,,,,,37.751,-97.822,anonymous,EN,Yes,Paul,Purple,,Both persons.,Teletransportation,Male,,Asian,,25,College Graduate (4 year),,A2NJV71A7YMS0H,265479,265479,2,FL_11
5/31/24 12:05,5/31/24 12:21,IP Address,205.220.211.136,100,977,TRUE,5/31/24 12:21,R_6nvC683CNy2DEDR,,,,,32.7873,-108.2984,anonymous,EN,Yes,Paul,Purple,Only the person at his relative's house.,,Teletransportation,Male,,White or European,,1985,Masters Degree (MS),,A6L66ACMVW3C7,,109212,1,FL_10
5/31/24 12:02,5/31/24 12:21,IP Address,208.194.207.57,100,1157,TRUE,5/31/24 12:21,R_6nxikgGUMuli9Ww,,,,,40.0619,-74.9987,anonymous,EN,Yes,Paul,Purple,,Both persons.,Teletransportation,Male,,White or European,,35,College Graduate (4 year),,A1MTGRF7RE2ZRL,82267,82267,2,FL_11
5/31/24 12:21,5/31/24 12:22,IP Address,209.20.217.142,100,48,TRUE,5/31/24 12:22,R_7oU8EPFcwyhU1p5,,,,,35.9825,-78.5376,anonymous,EN,Yes,Paul,Purple,,I am not sure.,Teletransportation,Male,,White or European,,30,Doctoral Degree (PhD),,ACI25ZPKQU1BQ,46715,46715,2,FL_11
5/31/24 12:21,5/31/24 12:22,IP Address,192.6.67.81,100,77,TRUE,5/31/24 12:22,R_14OjI4P2tmxkHol,,,,,37.751,-97.822,anonymous,EN,Yes,Paul,Purple,,Both persons.,Teletransportation,Male,,White or European,,30,High School or Equivalent,,A31L1W8LAHNY42,604051,604051,2,FL_11
5/31/24 12:22,5/31/24 12:22,IP Address,141.140.82.126,100,48,TRUE,5/31/24 12:22,R_1CP3yTN3vcfUXYS,,,,,37.751,-97.822,anonymous,EN,Yes,Paul,Purple,Both persons.,,Teletransportation,Male,,Asian,,25,College Graduate (4 year),,A1688NCFKF9PYF,142837,142837,1,FL_10
5/31/24 12:14,5/31/24 12:23,IP Address,154.27.76.204,100,526,TRUE,5/31/24 12:23,R_7FkY3Zig4T1sq4R,,,,,26.7158,-80.0491,anonymous,EN,Yes,Paul,Purple,Only the person at his friend's house.,,Teletransportation,Male,,White or European,,32,High School or Equivalent,,A3V9EU1CURHRD0,480717,480717,1,FL_10
5/31/24 12:21,5/31/24 12:23,IP Address,152.58.222.135,100,134,TRUE,5/31/24 12:23,R_42bScV9Ow9JOONe,,,,,12.8996,80.2209,anonymous,EN,Yes,Paul,Purple,Both persons.,,Plane travel,Male,,White or European,,32,College Graduate (4 year),,ADMD5ZJ5S3EZD,320872,320872,1,FL_10
5/31/24 12:23,5/31/24 12:23,IP Address,209.20.213.223,100,53,TRUE,5/31/24 12:23,R_1YnSSEH6awbZ9Ve,,,,,39.013,-76.6742,anonymous,EN,Yes,Paul,Purple,,I am not sure.,Teletransportation,Male,,White or European,,30,Masters Degree (MS),,AFG3O78F04BIN,878542,878542,2,FL_11
5/31/24 12:20,5/31/24 12:23,IP Address,209.20.225.9,100,227,TRUE,5/31/24 12:23,R_6HSwFKAKad2C1on,,,,,40.7359,-73.9904,anonymous,EN,Yes,Paul,Purple,Both persons.,,Plane travel,Male,,White or European,,32,Masters Degree (MS),,A1DAGG7YDAD95U,,839470,1,FL_10
5/31/24 12:23,5/31/24 12:24,IP Address,141.140.79.249,100,46,TRUE,5/31/24 12:24,R_7mOQbYTiBCAHZyb,,,,,37.751,-97.822,anonymous,EN,Yes,Paul,Purple,Both persons.,,Teletransportation,Male,,Asian,,25,College Graduate (4 year),,A2LNWDDB8XI0EH,620819,620819,1,FL_10
5/31/24 12:22,5/31/24 12:24,IP Address,154.27.86.70,100,119,TRUE,5/31/24 12:24,R_5PXDVG9n1RvxIMF,,,,,26.7158,-80.0491,anonymous,EN,Yes,Paul,Purple,,Only the person from his friend's house.,Teletransportation,Female,,White or European,,33,Masters Degree (MS),,A2O3VNS5DVRXVV,795576,795576,2,FL_11
5/31/24 12:24,5/31/24 12:25,IP Address,209.20.225.200,100,41,TRUE,5/31/24 12:25,R_69nriXFvXRnExgA,,,,,40.7359,-73.9904,anonymous,EN,Yes,Neither John nor Paul,Purple,,,,,,,,,,,,,762074,,
5/31/24 12:13,5/31/24 12:25,IP Address,154.27.76.227,100,717,TRUE,5/31/24 12:25,R_7QxqGrzHrfwVAOt,,,,,26.7158,-80.0491,anonymous,EN,Yes,Paul,Purple,Only the person at his friend's house.,,Teletransportation,Male,,White or European,,32,High School or Equivalent,,A3P9NSIH0IUO1X,45408,45408,1,FL_10
5/31/24 12:17,5/31/24 12:25,IP Address,208.252.176.188,100,473,TRUE,5/31/24 12:25,R_6gcMuAOR2WvDDU7,,,,,39.9053,-75.0023,anonymous,EN,Yes,Paul,Purple,,Only the person from his friend's house.,Teletransportation,Male,,White or European,,30,Masters Degree (MS),,A8P9R18M6OX0Q,415901,415901,2,FL_11
5/31/24 12:24,5/31/24 12:25,IP Address,141.140.85.77,100,54,TRUE,5/31/24 12:25,R_3NLjmsqsb1ymiqM,,,,,37.751,-97.822,anonymous,EN,Yes,Paul,Purple,,Both persons.,Teletransportation,Male,,Asian,,25,College Graduate (4 year),,A3576EZYOZ5Y2T,190447,190447,2,FL_11
5/31/24 12:24,5/31/24 12:25,IP Address,209.20.209.117,100,58,TRUE,5/31/24 12:25,R_1bPIiFGllz6XtRu,,,,,33.8737,-118.236,anonymous,EN,Yes,Paul,Purple,,I am not sure.,Teletransportation,Male,,White or European,,30,Masters Degree (MS),,AS3JPZRW4ZYG5,25809,25809,2,FL_11
5/31/24 12:12,5/31/24 12:25,IP Address,139.171.251.109,100,800,TRUE,5/31/24 12:25,R_6Ac0hyigxpiU2sN,,,,,36.8558,-76.0042,anonymous,EN,Yes,Paul,Purple,Both persons.,,Teletransportation,Male,,Asian,,25,Masters Degree (MS),,A1V19YAUJQF0A8,558098,558098,1,FL_10
5/31/24 12:22,5/31/24 12:25,IP Address,209.20.221.72,100,204,TRUE,5/31/24 12:25,R_632RlwimbvRhltJ,,,,,35.9825,-78.5376,anonymous,EN,Yes,Paul,Purple,Both persons.,,Teletransportation,Male,,White or European,,30,Masters Degree (MS),,A3CRBI7H6DMXPS,812573,812573,1,FL_10
5/31/24 12:11,5/31/24 12:26,IP Address,208.252.176.19,100,881,TRUE,5/31/24 12:26,R_7IQYssmlbniiXkg,,,,,39.9053,-75.0023,anonymous,EN,Yes,Paul,Purple,Both persons.,,Teletransportation,Male,,White or European,,30,Masters Degree (MS),,A1NI0EGD62HYJ9,,832324,1,FL_10
5/31/24 12:25,5/31/24 12:26,IP Address,209.20.227.134,100,84,TRUE,5/31/24 12:26,R_5P0xR9Gz93WJYhK,,,,,40.7359,-73.9904,anonymous,EN,Yes,Paul,Purple,Both persons.,,Plane travel,Male,,White or European,,35,Masters Degree (MS),,A17ZCB0IQ2ACBU,914292,914292,1,FL_10
5/31/24 12:26,5/31/24 12:27,IP Address,154.27.75.80,100,45,TRUE,5/31/24 12:27,R_70SLZc5vTgcSiv4,,,,,26.7158,-80.0491,anonymous,EN,Yes,Paul,Green,,,,,,,,,,,,,312376,,
5/31/24 12:27,5/31/24 12:28,IP Address,141.140.76.121,100,33,TRUE,5/31/24 12:28,R_58IlRvRkwimIdi0,,,,,37.751,-97.822,anonymous,EN,Yes,Paul,Purple,Both persons.,,Teletransportation,Male,,Asian,,25,College Graduate (4 year),,AQ9MG8OFA0NGY,440081,440081,1,FL_10
5/31/24 12:27,5/31/24 12:28,IP Address,209.20.235.220,100,47,TRUE,5/31/24 12:28,R_5XijUnvFA8AQt0f,,,,,40.7359,-73.9904,anonymous,EN,Yes,Paul,Purple,Both persons.,,Teletransportation,Male,,White or European,,32,College Graduate (4 year),,AO5842JZSBPQU,436254,436254,1,FL_10
5/31/24 12:25,5/31/24 12:28,IP Address,207.180.49.178,100,178,TRUE,5/31/24 12:28,R_3EiZDGv8hZ3OD40,,,,,37.751,-97.822,anonymous,EN,Yes,Paul,Purple,,I am not sure.,Teletransportation,Male,,White or European,,0.3,Masters Degree (MS),,A3TLC8IW764XQD,19043,19043,2,FL_11
5/31/24 12:26,5/31/24 12:29,IP Address,208.252.176.207,100,160,TRUE,5/31/24 12:29,R_1SSSpN1OOuCubh7,,,,,39.9053,-75.0023,anonymous,EN,Yes,Paul,Purple,,Only the person from his relative's house.,Teletransportation,Male,,White or European,,30,Masters Degree (MS),,A1NI0EGD62HYJ9,569649,569649,2,FL_11
5/31/24 12:09,5/31/24 12:29,IP Address,64.52.26.31,100,1220,TRUE,5/31/24 12:29,R_5LZFt1PS1kSwNUd,,,,,40.5828,-73.9532,anonymous,EN,Yes,Paul,Purple,,Only the person from his friend's house.,Teletransportation,Male,,Asian,,25,College Graduate (4 year),,A1L92PCE8XU51K,991860,991860,2,FL_11
5/31/24 12:29,5/31/24 12:30,IP Address,141.140.88.250,100,51,TRUE,5/31/24 12:30,R_6UByPOkHVIF17DH,,,,,37.751,-97.822,anonymous,EN,Yes,Paul,Purple,,Both persons.,Teletransportation,Male,,Asian,,25,College Graduate (4 year),,A3HSU1K8DROMGX,885550,885550,2,FL_11
5/31/24 12:29,5/31/24 12:30,IP Address,45.158.193.151,100,87,TRUE,5/31/24 12:30,R_7Lb5XkCZ7ZyOVbm,,,,,35.2916,-80.8201,anonymous,EN,Yes,Paul,Purple,Only the person at his friend's house.,,Teletransportation,Female,,White or European,,34,College Graduate (4 year),,A2JJQAR7THG84N,606409,606409,1,FL_10
5/31/24 12:30,5/31/24 12:31,IP Address,209.20.238.7,100,61,TRUE,5/31/24 12:31,R_5f2ZYBKttAy3CDL,,,,,40.694,-73.9901,anonymous,EN,Yes,Paul,Purple,,Both persons.,Teletransportation,Male,,White or European,,35,College Graduate (4 year),,A2E5A3C2F4UMQO,443568,443568,2,FL_11
5/31/24 12:27,5/31/24 12:31,IP Address,154.27.75.80,100,228,TRUE,5/31/24 12:31,R_3DRvtwzY5iYv4M9,,,,,26.7158,-80.0491,anonymous,EN,Yes,Paul,Purple,,Both persons.,Teletransportation,Male,,White or European,,30,College Graduate (4 year),,ARM4LBVK2JPBK,186607,186607,2,FL_11
5/31/24 12:31,5/31/24 12:32,IP Address,209.20.228.181,100,45,TRUE,5/31/24 12:32,R_1sABFsQALwrgvub,,,,,40.7359,-73.9904,anonymous,EN,Yes,Paul,Purple,Both persons.,,Plane travel,Male,,White or European,,32,College Graduate (4 year),,A2M6VPQS73ODKA,890778,890778,1,FL_10
5/31/24 12:05,5/31/24 12:33,IP Address,139.171.163.120,100,1675,TRUE,5/31/24 12:33,R_3gMle0zaY0iI90p,,,,,43.1139,-79.0425,anonymous,EN,Yes,Paul,Purple,,Only the person from his friend's house.,Plane travel,Male,,White or European,,30,Masters Degree (MS),,A1OL7R4IPVZNB3,919827,919827,2,FL_11
5/31/24 12:32,5/31/24 12:33,IP Address,209.20.228.189,100,49,TRUE,5/31/24 12:33,R_68Blow2mXkkjspr,,,,,40.7359,-73.9904,anonymous,EN,Yes,Paul,Purple,Both persons.,,Plane travel,Male,,White or European,,32,College Graduate (4 year),,A1H23GOMD5PGYU,140095,140095,1,FL_10
5/31/24 12:32,5/31/24 12:34,IP Address,154.27.75.80,100,98,TRUE,5/31/24 12:34,R_3flRhmaBJPz45rO,,,,,26.7158,-80.0491,anonymous,EN,Yes,Paul,Purple,,Both persons.,Teletransportation,Male,,White or European,,30,College Graduate (4 year),,A3V0VH031UB2MQ,885360,885360,2,FL_11
5/31/24 12:32,5/31/24 12:34,IP Address,81.161.7.103,100,70,TRUE,5/31/24 12:34,R_6EhU0WHbTbCF23H,,,,,40.7662,-74.0178,anonymous,EN,Yes,Both John and Paul,Purple,,,,,,,,,,,,,586714,,
5/31/24 12:32,5/31/24 12:34,IP Address,209.20.202.212,100,122,TRUE,5/31/24 12:34,R_6j0qsOOvNQ5ris4,,,,,40.7123,-74.0068,anonymous,EN,Yes,Paul,Green,,,,,,,,,,,,,980793,,
5/31/24 12:28,5/31/24 12:34,IP Address,141.140.92.220,100,355,TRUE,5/31/24 12:34,R_7AEZaYWEIyShzNs,,,,,37.751,-97.822,anonymous,EN,Yes,Paul,Purple,Both persons.,,Teletransportation,Male,,White or European,,32,Masters Degree (MS),,A3QWPURMIMQTHU,460114,460114,1,FL_10
5/31/24 12:26,5/31/24 12:35,IP Address,209.20.216.101,100,526,TRUE,5/31/24 12:35,R_7n2UK5Bn8GKMh15,,,,,35.9825,-78.5376,anonymous,EN,Yes,Paul,Purple,,Both persons.,Teletransportation,Male,,White or European,,32,Masters Degree (MS),,ARBF5ZB5B6B0A,591907,591907,2,FL_11
5/31/24 12:24,5/31/24 12:35,IP Address,209.20.216.62,100,674,TRUE,5/31/24 12:35,R_1LBUJKqb9RVp5bl,,,,,35.9825,-78.5376,anonymous,EN,Yes,Neither John nor Paul,Purple,,,,,,,,,,,,,945504,,
5/31/24 12:20,5/31/24 12:35,IP Address,209.20.211.180,100,893,TRUE,5/31/24 12:35,R_51jsfiT9jBQOI2u,,,,,33.8737,-118.236,anonymous,EN,Yes,Paul,Purple,Both persons.,,Teletransportation,Male,,White or European,,32,Masters Degree (MS),,A24WNH0XRGDD6R,483877,483877,1,FL_10
5/31/24 12:22,5/31/24 12:36,IP Address,192.227.117.80,100,841,TRUE,5/31/24 12:36,R_6O9rZCXtOAxCa5T,,,,,37.751,-97.822,anonymous,EN,Yes,Paul,Purple,Both persons.,,Teletransportation,Female,,White or European,,35,College Graduate (4 year),,A100146MREEWG5,,685742,1,FL_10
5/31/24 12:34,5/31/24 12:36,IP Address,81.161.7.103,100,146,TRUE,5/31/24 12:36,R_5Lf7ZW54hnJMSch,,,,,40.7662,-74.0178,anonymous,EN,Yes,Paul,Purple,Only the person at his relative's house.,,Plane travel,Male,,White or European,,1990,"Professional Degree (MD, JD, etc.)",,A47T7R7B44WFH,644758,644758,1,FL_10
5/31/24 12:36,5/31/24 12:37,IP Address,209.185.41.88,100,64,TRUE,5/31/24 12:37,R_6jey0JnQvFVjTpF,,,,,37.751,-97.822,anonymous,EN,Yes,Paul,Green,,,,,,,,,,,,,832034,,
5/31/24 12:37,5/31/24 12:37,IP Address,139.171.246.189,100,16,TRUE,5/31/24 12:37,R_6AjEKHUToZrmVMt,,,,,40.7852,-73.8098,anonymous,EN,Yes,Neither John nor Paul,Purple,,,,,,,,,,,,,442329,,
5/31/24 12:38,5/31/24 12:38,IP Address,192.126.240.156,100,28,TRUE,5/31/24 12:38,R_1RwigFcQTraXSg5,,,,,47.63,-122.2972,anonymous,EN,Yes,Neither John nor Paul,Purple,,,,,,,,,,,,,92052,,
5/31/24 12:37,5/31/24 12:38,IP Address,81.161.5.26,100,97,TRUE,5/31/24 12:38,R_1j6Tat2OyMK9gST,,,,,40.7662,-74.0178,anonymous,EN,Yes,Paul,Purple,Only the person at his relative's house.,,Teletransportation,Male,,White or European,,1990,"Professional Degree (MD, JD, etc.)",,APYGJDWQF4B3L,820976,820976,1,FL_10
5/31/24 12:38,5/31/24 12:38,IP Address,192.126.240.156,100,16,TRUE,5/31/24 12:38,R_732zr4vGY58WGfD,,,,,47.63,-122.2972,anonymous,EN,Yes,Neither John nor Paul,Green,,,,,,,,,,,,,226107,,
5/31/24 12:39,5/31/24 12:39,IP Address,192.126.240.156,100,14,TRUE,5/31/24 12:39,R_1qjyRmd3gNDdYHH,,,,,47.63,-122.2972,anonymous,EN,Yes,Paul,Green,,,,,,,,,,,,,490241,,
5/31/24 12:38,5/31/24 12:39,IP Address,209.20.214.86,100,85,TRUE,5/31/24 12:39,R_1YF9hvByXc4Uvy9,,,,,39.013,-76.6742,anonymous,EN,Yes,Paul,Purple,,Both persons.,Teletransportation,Male,,White or European,,30,High School or Equivalent,,A3P10P8OAECZS8,377359,377359,2,FL_11
5/31/24 12:39,5/31/24 12:39,IP Address,192.126.240.156,100,11,TRUE,5/31/24 12:39,R_57ZNRMwZw02pvWx,,,,,47.63,-122.2972,anonymous,EN,Yes,Both John and Paul,Green,,,,,,,,,,,,,720310,,
5/31/24 12:38,5/31/24 12:40,IP Address,209.20.221.41,100,96,TRUE,5/31/24 12:40,R_3GBsG8E7Rs4mlma,,,,,35.9825,-78.5376,anonymous,EN,Yes,Paul,Purple,Only the person at his friend's house.,,Teletransportation,Male,,White or European,,30,Masters Degree (MS),,A18A2VFK9OP891,952720,952720,1,FL_10
5/31/24 12:23,5/31/24 12:40,IP Address,209.20.211.56,100,1013,TRUE,5/31/24 12:40,R_7mKiMpfMAidbhWa,,,,,33.8737,-118.236,anonymous,EN,Yes,Paul,Purple,,Only the person from his friend's house.,Teletransportation,Male,,White or European,,30,College Graduate (4 year),,AX7QQOHDPRCZ,424121,424121,2,FL_11
5/31/24 12:39,5/31/24 12:41,IP Address,192.126.240.156,100,84,TRUE,5/31/24 12:41,R_3NVsA6l1Kry0bKD,,,,,47.63,-122.2972,anonymous,EN,Yes,Paul,Purple,,Only the person from his friend's house.,Teletransportation,Male,,White or European,,34,Masters Degree (MS),,A2C3WYQ0J2X3NV,179824,179824,2,FL_11
5/31/24 12:40,5/31/24 12:41,IP Address,81.161.6.247,100,76,TRUE,5/31/24 12:41,R_3PZjCheNEIy1pzN,,,,,40.7662,-74.0178,anonymous,EN,Yes,Paul,Purple,Only the person at his relative's house.,,Teletransportation,Male,,White or European,,34,"Professional Degree (MD, JD, etc.)",,A2GCQ0HHG9S2H7,274676,274676,1,FL_10
5/31/24 12:41,5/31/24 12:42,IP Address,139.171.147.96,100,38,TRUE,5/31/24 12:42,R_1uCjZFYMa7n9dPH,,,,,43.1139,-79.0425,anonymous,EN,Yes,Paul,Purple,Only the person at his friend's house.,,Plane travel,Male,,White or European,,30,Masters Degree (MS),,A3LK1H11I42LJV,191034,191034,1,FL_10
5/31/24 12:43,5/31/24 12:43,IP Address,139.171.149.192,100,31,TRUE,5/31/24 12:43,R_5OEpHsKYaYU9PPz,,,,,43.1139,-79.0425,anonymous,EN,Yes,Paul,Purple,,Only the person from his friend's house.,Plane travel,Male,,Black or African American,,30,Masters Degree (MS),,ATQBJ3ADI2C1U,407763,407763,2,FL_11
5/31/24 12:44,5/31/24 12:44,IP Address,139.171.159.172,100,32,TRUE,5/31/24 12:44,R_6ql90iibHHmZlm6,,,,,43.1139,-79.0425,anonymous,EN,Yes,Paul,Purple,Only the person at his friend's house.,,Plane travel,Male,,Black or African American,,30,Masters Degree (MS),,A15IM12KKTSQV7,698766,698766,1,FL_10
5/31/24 12:40,5/31/24 12:46,IP Address,139.171.188.84,100,323,TRUE,5/31/24 12:46,R_7iJQM1t2vRNzaWB,,,,,43.1139,-79.0425,anonymous,EN,Yes,Paul,Purple,,Both persons.,Teletransportation,Male,,White or European,,30,Masters Degree (MS),,A21S61VQZK1FXK,651269,651269,2,FL_11
5/31/24 12:43,5/31/24 12:46,IP Address,141.140.92.208,100,148,TRUE,5/31/24 12:46,R_6yo9zntWKZKGrQd,,,,,37.751,-97.822,anonymous,EN,Yes,Paul,Purple,Both persons.,,Teletransportation,Male,,White or European,,30,Masters Degree (MS),,A2418HNPGR8AZO,595833,595833,1,FL_10
5/31/24 12:35,5/31/24 12:46,IP Address,139.171.163.114,100,658,TRUE,5/31/24 12:46,R_7QJzxCYH3eayz4U,,,,,43.1139,-79.0425,anonymous,EN,Yes,Paul,Purple,,Both persons.,Teletransportation,Male,,White or European,,30,Masters Degree (MS),,A3HDQ8533C4S0T,956418,956418,2,FL_11
5/31/24 12:33,5/31/24 12:46,IP Address,139.171.163.120,100,775,TRUE,5/31/24 12:46,R_1d68Bq10ftgj5n9,,,,,43.1139,-79.0425,anonymous,EN,Yes,Paul,Purple,,Both persons.,Teletransportation,Male,,White or European,,30,Masters Degree (MS),,A1OL7R4IPVZNB3,851448,851448,2,FL_11
5/31/24 12:14,5/31/24 12:46,IP Address,207.180.48.166,100,1945,TRUE,5/31/24 12:46,R_5nx9TtAqppbDTSi,,,,,37.751,-97.822,anonymous,EN,Yes,Paul,Purple,Both persons.,,Teletransportation,Male,,White or European,,30,Masters Degree (MS),,A3OJVV57ABSVVT,619935,619935,1,FL_10
5/31/24 12:48,5/31/24 12:48,IP Address,137.155.46.119,100,33,TRUE,5/31/24 12:48,R_57XwlwARWlgYBe9,,,,,37.751,-97.822,anonymous,EN,Yes,Paul,Purple,Only the person at his friend's house.,,Plane travel,Male,,Black or African American,,30,High School or Equivalent,,A1RLVHTUXJEJDA,good,773501,1,FL_10
5/31/24 12:47,5/31/24 12:49,IP Address,209.20.226.192,100,124,TRUE,5/31/24 12:49,R_6wRDdXRU32Pww2E,,,,,40.7359,-73.9904,anonymous,EN,Yes,Paul,Purple,,Only the person from his friend's house.,Plane travel,Male,,Black or African American,,30,High School or Equivalent,,A1KSSTUU80SU7C,goood,935093,2,FL_11
5/31/24 12:51,5/31/24 12:52,IP Address,37.230.138.242,100,60,TRUE,5/31/24 12:52,R_8xQlusPjHGWamk1,,,,,51.4964,-0.1224,anonymous,EN,Yes,Paul,Purple,,Only the person from his friend's house.,Plane travel,Male,,White or European,,36,College Graduate (4 year),,A2EOOFRS2CYGW0,383645,383645,2,FL_11
5/31/24 12:52,5/31/24 12:55,IP Address,63.113.30.212,100,140,TRUE,5/31/24 12:55,R_3mkPmQtyvfyQPs1,,,,,39.7536,-86.1935,anonymous,EN,Yes,Paul,Purple,Both persons.,,Teletransportation,Male,,White or European,,24,College Graduate (4 year),,A347RNOTLHX3PF,464248,464248,1,FL_10
5/31/24 12:54,5/31/24 12:55,IP Address,74.122.60.178,100,83,TRUE,5/31/24 12:55,R_33yafrhGUW0BSp3,,,,,39.9391,-83.0474,anonymous,EN,Yes,Paul,Purple,Only the person at his friend's house.,,Teletransportation,Female,,White or European,,37,College Graduate (4 year),,A2IHEI9OH40O7L,,508019,1,FL_10
5/31/24 12:56,5/31/24 12:58,IP Address,204.242.1.125,100,133,TRUE,5/31/24 12:58,R_7yaeJIAVGKxTzB4,,,,,39.0469,-77.4903,anonymous,EN,Yes,Paul,Purple,,Both persons.,Teletransportation,Male,,White or European,,35,College Graduate (4 year),,A3L39MT6QXYCJD,737385,737385,2,FL_11
5/31/24 12:57,5/31/24 12:58,IP Address,209.20.220.210,100,95,TRUE,5/31/24 12:58,R_11XmxkWYRzoNMZr,,,,,35.9825,-78.5376,anonymous,EN,Yes,Paul,Purple,Both persons.,,Teletransportation,Male,,White or European,,25,College Graduate (4 year),,A2H66DAMMPH4XU,921392,921392,1,FL_10
5/31/24 12:56,5/31/24 12:59,IP Address,208.194.208.211,100,214,TRUE,5/31/24 12:59,R_7tAXbfrQqjYG93j,,,,,40.0619,-74.9987,anonymous,EN,Yes,Paul,Purple,,Only the person from his relative's house.,Plane travel,Female,,White or European,,1995,Masters Degree (MS),,A27TJ2BRU6VFEJ,GOOD,47102,2,FL_11
5/31/24 12:59,5/31/24 13:00,IP Address,208.207.141.241,100,89,TRUE,5/31/24 13:00,R_7qpQtkT52rKwCVU,,,,,40.7637,-73.7695,anonymous,EN,Yes,Paul,Purple,,Both persons.,Teletransportation,Female,,White or European,,35,College Graduate (4 year),,A2N5D3P3HPAOCI,98675,98675,2,FL_11
5/31/24 12:56,5/31/24 13:00,IP Address,137.155.37.29,100,254,TRUE,5/31/24 13:00,R_6OZRCs3ps6n1pEk,,,,,37.751,-97.822,anonymous,EN,Yes,Paul,Purple,,I am not sure.,Plane travel,Male,,White or European,,38,High School or Equivalent,,A2NIDBYFIU9QK8,,231465,2,FL_11
5/31/24 12:56,5/31/24 13:01,IP Address,209.166.207.21,100,244,TRUE,5/31/24 13:01,R_7pmphqh9ON3AOK0,,,,,29.9762,-95.6401,anonymous,EN,Yes,Paul,Purple,Only the person at his relative's house.,,Plane travel,Male,,White or European,,34,Some College,,A1BYJGD9YRWJ96,37698,37698,1,FL_10
5/31/24 12:55,5/31/24 13:01,IP Address,208.252.177.129,100,366,TRUE,5/31/24 13:01,R_5lWV42NMd39f6kl,,,,,39.9053,-75.0023,anonymous,EN,Yes,Paul,Purple,,I am not sure.,Teletransportation,Female,,White or European,,25,College Graduate (4 year),,A3UYKS0IY7KZQI,73323,73323,2,FL_11
5/31/24 12:55,5/31/24 13:01,IP Address,208.196.108.105,100,366,TRUE,5/31/24 13:01,R_50q6fekrNZxpK0f,,,,,35.9375,-84.073,anonymous,EN,Yes,Paul,Purple,Only the person at his relative's house.,,Teletransportation,Female,,White or European,,25,College Graduate (4 year),,A1DNOCMUCJNYO8,good,910368,1,FL_10
5/31/24 13:00,5/31/24 13:01,IP Address,208.194.201.167,100,50,TRUE,5/31/24 13:01,R_7Le8PMAIFC3ckX3,,,,,40.0619,-74.9987,anonymous,EN,Yes,Paul,Purple,Only the person at his relative's house.,,Plane travel,Female,,White or European,,25,College Graduate (4 year),,A1VALXLXYB2XVW,254141,254141,1,FL_10
5/31/24 12:57,5/31/24 13:02,IP Address,108.54.210.9,100,291,TRUE,5/31/24 13:02,R_1gODinYMR8fEc8M,,,,,40.7341,-73.7962,anonymous,EN,Yes,Paul,Purple,,Both persons.,Plane travel,Female,,White or European,,35,College Graduate (4 year),,A19DOLZ6CZUUX5,234605,234605,2,FL_11
5/31/24 13:01,5/31/24 13:02,IP Address,208.207.155.160,100,73,TRUE,5/31/24 13:02,R_1sbBcagEIhm5FgE,,,,,40.7637,-73.7695,anonymous,EN,Yes,Paul,Purple,,Both persons.,Teletransportation,Female,,White or European,,35,College Graduate (4 year),,A3EQJNW5E132JK,873531,873531,2,FL_11
5/31/24 13:01,5/31/24 13:02,IP Address,139.171.170.5,100,65,TRUE,5/31/24 13:02,R_76D1SeVjwv99V2V,,,,,43.1139,-79.0425,anonymous,EN,Yes,Paul,Green,,,,,,,,,,,,,665657,,
5/31/24 13:02,5/31/24 13:03,IP Address,209.20.228.172,100,96,TRUE,5/31/24 13:03,R_6VdP3viPdfE0ldb,,,,,40.7359,-73.9904,anonymous,EN,Yes,Paul,Purple,Both persons.,,Teletransportation,Male,,White or European,,25,College Graduate (4 year),,AE5IAHHHLLLG,15775,15775,1,FL_10
5/31/24 12:57,5/31/24 13:04,IP Address,204.242.1.226,100,379,TRUE,5/31/24 13:04,R_6V9DpQIkd5Py5tr,,,,,39.0469,-77.4903,anonymous,EN,Yes,Paul,Purple,,Both persons.,Teletransportation,Male,,White or European,,27,Some College,,ALUX8TKUMUPZL,978410,978410,2,FL_11
5/31/24 13:02,5/31/24 13:04,IP Address,209.20.215.157,100,118,TRUE,5/31/24 13:04,R_3B8qn5bBAPkxOuK,,,,,39.013,-76.6742,anonymous,EN,Yes,Paul,Purple,Only the person at his relative's house.,,Plane travel,Female,,White or European,,40,College Graduate (4 year),,A32YOD79DL837P,255978,255978,1,FL_10
5/31/24 13:01,5/31/24 13:05,IP Address,154.27.76.206,100,249,TRUE,5/31/24 13:05,R_3MNhOWpCbQmXwhQ,,,,,26.7158,-80.0491,anonymous,EN,Yes,Paul,Purple,Both persons.,,Teletransportation,Male,,White or European,,35,College Graduate (4 year),,APY9MEBV8JGV6,881526,881526,1,FL_10
5/31/24 12:59,5/31/24 13:05,IP Address,137.155.34.7,100,324,TRUE,5/31/24 13:05,R_7KUrLWnOKgbu1nn,,,,,37.751,-97.822,anonymous,EN,Yes,Paul,Purple,,I am not sure.,Plane travel,Female,,White or European,,38,High School or Equivalent,,ARLBVVSM4T0VQ,,100768,2,FL_11
5/31/24 13:01,5/31/24 13:05,IP Address,162.253.252.114,100,249,TRUE,5/31/24 13:05,R_14LZoFU7qkgfaBO,,,,,45.4153,-75.6894,anonymous,EN,Yes,Paul,Purple,,Only the person from his relative's house.,Plane travel,Male,,White or European,,34,College Graduate (4 year),,A10UTEWPNN0Y7R,643098,643098,2,FL_11
5/31/24 12:57,5/31/24 13:05,IP Address,149.143.128.218,100,470,TRUE,5/31/24 13:05,R_5Hv5jQxiPwIWNet,,,,,40.7205,-73.8796,anonymous,EN,Yes,Paul,Purple,Both persons.,,Teletransportation,Male,,Hispanic or Latino,,33,College Graduate (4 year),,A6V08VWB6ASYI,,255957,1,FL_10
5/31/24 13:05,5/31/24 13:06,IP Address,209.20.235.194,100,60,TRUE,5/31/24 13:06,R_3wypUDfvo25UvXl,,,,,40.7359,-73.9904,anonymous,EN,Yes,Paul,Purple,,Both persons.,Teletransportation,Male,,White or European,,25,College Graduate (4 year),,A388VQUQJEFITY,803772,803772,2,FL_11
5/31/24 12:59,5/31/24 13:06,IP Address,149.143.131.143,100,433,TRUE,5/31/24 13:06,R_7hFOk98FOQoMlJP,,,,,40.7205,-73.8796,anonymous,EN,Yes,Paul,Purple,Both persons.,,Teletransportation,Male,,White or European,,33,College Graduate (4 year),,A13N8WGI2AB9AC,729584,729584,1,FL_10
5/31/24 13:04,5/31/24 13:06,IP Address,139.171.170.5,100,122,TRUE,5/31/24 13:06,R_7xDdIlfNLzVQnGO,,,,,43.1139,-79.0425,anonymous,EN,Yes,Paul,Purple,,I am not sure.,Plane travel,Male,,White or European,,1989,Masters Degree (MS),,A3M2Q0DBN1V2TI,970214,970214,2,FL_11
5/31/24 13:05,5/31/24 13:07,IP Address,154.27.78.215,100,125,TRUE,5/31/24 13:07,R_7B3OEmIp8UyAfwD,,,,,26.7158,-80.0491,anonymous,EN,Yes,Paul,Green,,,,,,,,,,,,,902029,,
5/31/24 13:07,5/31/24 13:08,IP Address,208.194.215.145,100,62,TRUE,5/31/24 13:08,R_1tgOduH26bsMy25,,,,,40.0619,-74.9987,anonymous,EN,Yes,Paul,Purple,,Only the person from his relative's house.,Plane travel,Female,,White or European,,1995,Masters Degree (MS),,AJGFPUEZNZNMR,,248471,2,FL_11
5/31/24 12:59,5/31/24 13:08,IP Address,209.20.252.253,100,500,TRUE,5/31/24 13:08,R_1atMcD3wLVeny9s,,,,,37.751,-97.822,anonymous,EN,Yes,Paul,Purple,,Both persons.,Teletransportation,Male,,White or European,,30,Masters Degree (MS),,A3G8RC82JFVZIM,437518,437518,2,FL_11
5/31/24 13:02,5/31/24 13:08,IP Address,154.27.75.80,100,341,TRUE,5/31/24 13:08,R_3oSbT0o6Pao9egB,,,,,26.7158,-80.0491,anonymous,EN,Yes,Paul,Purple,,Both persons.,Teletransportation,Male,,White or European,,30,Masters Degree (MS),,A1H7VDX8CGZLZO,355459,355459,2,FL_11
5/31/24 13:07,5/31/24 13:08,IP Address,209.20.215.191,100,75,TRUE,5/31/24 13:08,R_6aFDVZHe264cP0l,,,,,39.013,-76.6742,anonymous,EN,Yes,Paul,Purple,I am not sure.,,Farming,Female,,White or European,,1989,Masters Degree (MS),,A1NGGXU5S9LCF6,937624,937624,1,FL_10
5/31/24 12:59,5/31/24 13:08,IP Address,196.51.246.13,100,591,TRUE,5/31/24 13:08,R_3hhWCDyAmKnBALc,,,,,39.0469,-77.4903,anonymous,EN,Yes,Paul,Purple,,Both persons.,Teletransportation,Male,,White or European,,32,College Graduate (4 year),,A37ZSL0HF2THD4,4584,4584,2,FL_11
5/31/24 13:07,5/31/24 13:09,IP Address,209.20.235.196,100,94,TRUE,5/31/24 13:09,R_1n7yna5k5BtoNss,,,,,40.7359,-73.9904,anonymous,EN,Yes,Paul,Purple,,Both persons.,Teletransportation,Male,,White or European,,25,College Graduate (4 year),,A2AWB2ELFS5KYJ,741998,741998,2,FL_11
5/31/24 13:00,5/31/24 13:09,IP Address,209.20.238.10,100,550,TRUE,5/31/24 13:09,R_5j7YoE9C8HYNcLM,,,,,40.694,-73.9901,anonymous,EN,Yes,Paul,Purple,Only the person at his relative's house.,,Teletransportation,Male,,White or European,,30,College Graduate (4 year),,A26HUQKHQD0USK,852272,852272,1,FL_10
5/31/24 13:04,5/31/24 13:09,IP Address,74.80.146.82,100,309,TRUE,5/31/24 13:09,R_3pM8Ct1cLtbfZ4R,,,,,37.751,-97.822,anonymous,EN,Yes,Paul,Purple,Both persons.,,Teletransportation,Male,,White or European,,32,College Graduate (4 year),,A3P0TCP3BTSLYC,330457,330457,1,FL_10
5/31/24 13:06,5/31/24 13:10,IP Address,209.20.215.115,100,211,TRUE,5/31/24 13:10,R_5OIxxy8kw97V3E4,,,,,39.013,-76.6742,anonymous,EN,Yes,Paul,Purple,,Both persons.,Teletransportation,Male,,White or European,,25,College Graduate (4 year),,A2Y16X1NO9C14T,276886,276886,2,FL_11
5/31/24 13:09,5/31/24 13:10,IP Address,209.20.232.53,100,50,TRUE,5/31/24 13:10,R_3fadLx0Zdht07qS,,,,,40.7359,-73.9904,anonymous,EN,Yes,Paul,Purple,,Only the person from his relative's house.,Plane travel,Male,,White or European,,30,College Graduate (4 year),,A3GT3F567XE65I,601276,601276,2,FL_11
5/31/24 13:07,5/31/24 13:10,IP Address,154.27.75.80,100,184,TRUE,5/31/24 13:10,R_7Szx9r0IPGHW98d,,,,,26.7158,-80.0491,anonymous,EN,Yes,Paul,Purple,I am not sure.,,Teletransportation,Male,,White or European,,30,College Graduate (4 year),,A2OPAP6W6TU4XG,137861,137861,1,FL_10
5/31/24 13:10,5/31/24 13:11,IP Address,209.20.232.53,100,30,TRUE,5/31/24 13:11,R_7ahjPyK1WdheRd3,,,,,40.7359,-73.9904,anonymous,EN,Yes,Paul,Purple,Only the person at his relative's house.,,Teletransportation,Male,,White or European,,30,College Graduate (4 year),,A3GT3F567XE65I,513979,513979,1,FL_10
5/31/24 13:10,5/31/24 13:11,IP Address,209.20.217.224,100,34,TRUE,5/31/24 13:11,R_5A05PFdZmBrdu2E,,,,,35.9825,-78.5376,anonymous,EN,Yes,Paul,Green,,,,,,,,,,,,,714670,,
5/31/24 13:05,5/31/24 13:12,IP Address,154.27.78.215,100,406,TRUE,5/31/24 13:12,R_3k7b12JEChNmkTM,,,,,26.7158,-80.0491,anonymous,EN,Yes,Paul,Purple,Both persons.,,Teletransportation,Male,,White or European,,35,College Graduate (4 year),,A2B1EXR8367HTW,988095,988095,1,FL_10
5/31/24 13:11,5/31/24 13:13,IP Address,209.20.217.224,100,101,TRUE,5/31/24 13:13,R_7CwC2KhiAWmQEcv,,,,,35.9825,-78.5376,anonymous,EN,Yes,Paul,Purple,Only the person at his relative's house.,,Plane travel,Male,,White or European,,30,College Graduate (4 year),,A2GUDMHFLSWR0S,395906,395906,1,FL_10
5/31/24 12:56,5/31/24 13:16,IP Address,208.194.201.145,100,1214,TRUE,5/31/24 13:16,R_6DkDVxV8KoYUJxT,,,,,40.0619,-74.9987,anonymous,EN,Yes,Paul,Purple,Only the person at his relative's house.,,Teletransportation,Female,,White or European,,25,College Graduate (4 year),,AODH7E5ESIT95,,492406,1,FL_10
5/31/24 12:58,5/31/24 13:17,IP Address,139.171.248.173,100,1150,TRUE,5/31/24 13:18,R_6j6ZbOG2OO1ybX5,,,,,36.8558,-76.0042,anonymous,EN,Yes,Paul,Purple,I am not sure.,,Teletransportation,Male,,White or European,,1992,Masters Degree (MS),,A7SF7NUH1V4QQ,25777,25777,1,FL_10
5/31/24 13:16,5/31/24 13:18,IP Address,154.27.75.80,100,78,TRUE,5/31/24 13:18,R_53muACPH0SaV7Et,,,,,26.7158,-80.0491,anonymous,EN,Yes,Paul,Purple,,Both persons.,Teletransportation,Male,,White or European,,30,College Graduate (4 year),,AFHYZJ32SDN4P,482610,482610,2,FL_11
5/31/24 12:58,5/31/24 13:18,IP Address,208.196.105.40,100,1173,TRUE,5/31/24 13:18,R_5U5S7YTWMR4xX8m,,,,,35.9375,-84.073,anonymous,EN,Yes,Paul,Purple,Only the person at his relative's house.,,Teletransportation,Female,,White or European,,25,College Graduate (4 year),,A266B220L5B9DA,,955809,1,FL_10
5/31/24 13:10,5/31/24 13:20,IP Address,209.166.214.200,100,616,TRUE,5/31/24 13:20,R_3EWQ7dsrriE4bR7,,,,,29.9762,-95.6401,anonymous,EN,Yes,Paul,Purple,,Both persons.,Teletransportation,Male,,White or European,,32,College Graduate (4 year),,AGLU85EQJBANY,328313,328313,2,FL_11
5/31/24 13:07,5/31/24 13:20,IP Address,69.91.141.109,100,830,TRUE,5/31/24 13:20,R_5qEyOHj53oyRQa1,,,,,37.751,-97.822,anonymous,EN,Yes,Paul,Purple,Both persons.,,Teletransportation,Female,,White or European,,21,High School or Equivalent,,A1V0ZQ68QCO8O4,314465,314465,1,FL_10
5/31/24 13:03,5/31/24 13:22,IP Address,208.194.201.147,100,1130,TRUE,5/31/24 13:22,R_34ZOLzU1WeerxQt,,,,,40.0619,-74.9987,anonymous,EN,Yes,Paul,Purple,Only the person at his relative's house.,,Teletransportation,Female,,White or European,,25,College Graduate (4 year),,AU1LDV3GJ1B1J,,95640,1,FL_10
5/31/24 13:08,5/31/24 13:24,IP Address,154.27.76.227,100,920,TRUE,5/31/24 13:24,R_62Ry3mhs4uK3Uj8,,,,,26.7158,-80.0491,anonymous,EN,Yes,Paul,Purple,Both persons.,,Teletransportation,Male,,White or European,,33,High School or Equivalent,,A34JFQ5GUJ1BDL,157408,157408,1,FL_10
5/31/24 13:09,5/31/24 13:25,IP Address,154.27.76.239,100,962,TRUE,5/31/24 13:25,R_51mnRPZ1jRJZprs,,,,,26.7158,-80.0491,anonymous,EN,Yes,Paul,Purple,Both persons.,,Teletransportation,Male,,White or European,,34,High School or Equivalent,,A3HUTD761EMLJH,726838,726838,1,FL_10
5/31/24 13:02,5/31/24 13:28,IP Address,209.20.221.223,100,1552,TRUE,5/31/24 13:28,R_5CqgLwop3oJYJDH,,,,,35.9825,-78.5376,anonymous,EN,Yes,Paul,Purple,,Both persons.,Teletransportation,Male,,White or European,,28,College Graduate (4 year),,A1L5RVW462WWAV,570920,570920,2,FL_11
5/31/24 13:29,5/31/24 13:31,IP Address,209.20.236.227,100,114,TRUE,5/31/24 13:31,R_3E7fkE8eFHgcEAB,,,,,40.7359,-73.9904,anonymous,EN,Yes,Paul,Purple,,Only the person from his friend's house.,Teletransportation,Male,,White or European,,30,College Graduate (4 year),,A1RCMANERZRMKM,610833,610833,2,FL_11
5/31/24 13:34,5/31/24 13:36,IP Address,69.142.231.205,100,138,TRUE,5/31/24 13:36,R_5PQZAgU0N4YgDPN,,,,,39.4722,-74.4566,anonymous,EN,Yes,Paul,Purple,Both persons.,,Teletransportation,Prefer not to disclose,,White or European,,28,College Graduate (4 year),,A3UV55HC87DO9C,111633,111633,1,FL_10
5/31/24 13:37,5/31/24 13:45,IP Address,209.114.29.205,100,491,TRUE,5/31/24 13:45,R_1Qs7lS0UPJXctPP,,,,,40.738,-73.9858,anonymous,EN,Yes,Paul,Purple,,Only the person from his relative's house.,Teletransportation,Male,,White or European,,30,College Graduate (4 year),,A370DORKNXXLNB,792577,792577,2,FL_11
5/31/24 13:52,5/31/24 13:57,IP Address,208.196.107.93,100,330,TRUE,5/31/24 13:57,R_7zjps1ygSWjKWzv,,,,,35.9375,-84.073,anonymous,EN,Yes,Paul,Purple,Only the person at his relative's house.,,Teletransportation,Female,,White or European,,25,College Graduate (4 year),,AE8RSU3I6YIJ8,,803432,1,FL_10
5/31/24 14:00,5/31/24 14:11,IP Address,208.196.108.238,100,678,TRUE,5/31/24 14:11,R_1vo1nhOugc0agFz,,,,,35.9375,-84.073,anonymous,EN,Yes,Paul,Purple,,Only the person from his relative's house.,Teletransportation,Female,,White or European,,25,College Graduate (4 year),,A1K8504H1XQRCY,956794,956794,2,FL_11